"country","code","name","code_2","count_song","year","count_album","count_artist"
"AE","ARE","United Arab Emirates","AE",7,2008,1,NA
"AR","ARG","Argentina","AR",13,1968,1,NA
"AR","ARG","Argentina","AR",23,1971,2,NA
"AR","ARG","Argentina","AR",18,1972,2,NA
"AR","ARG","Argentina","AR",26,1973,3,NA
"AR","ARG","Argentina","AR",34,1976,4,NA
"AR","ARG","Argentina","AR",12,1977,2,NA
"AR","ARG","Argentina","AR",3,1978,1,NA
"AR","ARG","Argentina","AR",10,1979,1,NA
"AR","ARG","Argentina","AR",49,1981,4,NA
"AR","ARG","Argentina","AR",32,1982,3,NA
"AR","ARG","Argentina","AR",47,1983,5,NA
"AR","ARG","Argentina","AR",50,1984,5,NA
"AR","ARG","Argentina","AR",75,1985,8,NA
"AR","ARG","Argentina","AR",27,1986,3,NA
"AR","ARG","Argentina","AR",43,1987,4,NA
"AR","ARG","Argentina","AR",60,1988,6,NA
"AR","ARG","Argentina","AR",102,1989,10,NA
"AR","ARG","Argentina","AR",63,1990,6,NA
"AR","ARG","Argentina","AR",93,1991,9,NA
"AR","ARG","Argentina","AR",73,1992,6,NA
"AR","ARG","Argentina","AR",113,1993,8,NA
"AR","ARG","Argentina","AR",134,1994,11,NA
"AR","ARG","Argentina","AR",190,1995,12,NA
"AR","ARG","Argentina","AR",222,1996,15,NA
"AR","ARG","Argentina","AR",233,1997,16,NA
"AR","ARG","Argentina","AR",155,1998,12,NA
"AR","ARG","Argentina","AR",199,1999,14,NA
"AR","ARG","Argentina","AR",334,2000,18,NA
"AR","ARG","Argentina","AR",247,2001,16,NA
"AR","ARG","Argentina","AR",141,2002,10,NA
"AR","ARG","Argentina","AR",212,2003,16,NA
"AR","ARG","Argentina","AR",195,2004,14,NA
"AR","ARG","Argentina","AR",186,2005,14,NA
"AR","ARG","Argentina","AR",252,2006,20,NA
"AR","ARG","Argentina","AR",275,2007,21,NA
"AR","ARG","Argentina","AR",157,2008,11,NA
"AR","ARG","Argentina","AR",65,2009,5,NA
"AR","ARG","Argentina","AR",132,2010,10,NA
"AR","ARG","Argentina","AR",27,2011,2,NA
"AR","ARG","Argentina","AR",12,2012,1,NA
"AT","AUS","Australia","AU",14,1961,1,NA
"AT","AUS","Australia","AU",22,1963,2,NA
"AT","AUS","Australia","AU",15,1965,1,NA
"AT","AUS","Australia","AU",21,1966,1,NA
"AT","AUS","Australia","AU",23,1968,2,NA
"AT","AUS","Australia","AU",14,1971,1,NA
"AT","AUS","Australia","AU",25,1972,2,NA
"AT","AUS","Australia","AU",27,1973,2,NA
"AT","AUS","Australia","AU",12,1974,1,NA
"AT","AUS","Australia","AU",24,1975,2,NA
"AT","AUS","Australia","AU",39,1976,3,NA
"AT","AUS","Australia","AU",75,1977,2,NA
"AT","AUS","Australia","AU",56,1978,5,NA
"AT","AUS","Australia","AU",39,1979,3,NA
"AT","AUS","Australia","AU",38,1980,3,NA
"AT","AUS","Australia","AU",71,1981,4,NA
"AT","AUS","Australia","AU",10,1982,1,NA
"AT","AUS","Australia","AU",31,1983,3,NA
"AT","AUS","Australia","AU",26,1984,2,NA
"AT","AUS","Australia","AU",42,1985,3,NA
"AT","AUS","Australia","AU",31,1986,3,NA
"AT","AUS","Australia","AU",20,1987,2,NA
"AT","AUS","Australia","AU",47,1988,4,NA
"AT","AUS","Australia","AU",35,1989,3,NA
"AT","AUS","Australia","AU",91,1990,5,NA
"AT","AUS","Australia","AU",129,1991,7,NA
"AT","AUS","Australia","AU",74,1992,6,NA
"AT","AUS","Australia","AU",55,1993,4,NA
"AT","AUS","Australia","AU",71,1994,7,NA
"AT","AUS","Australia","AU",143,1995,9,NA
"AT","AUS","Australia","AU",117,1996,9,NA
"AT","AUS","Australia","AU",80,1997,8,NA
"AT","AUS","Australia","AU",116,1998,12,NA
"AT","AUS","Australia","AU",153,1999,15,NA
"AT","AUS","Australia","AU",80,2000,9,NA
"AT","AUS","Australia","AU",115,2001,9,NA
"AT","AUS","Australia","AU",118,2002,12,NA
"AT","AUS","Australia","AU",97,2003,8,NA
"AT","AUS","Australia","AU",200,2004,19,NA
"AT","AUS","Australia","AU",161,2005,14,NA
"AT","AUS","Australia","AU",209,2006,14,NA
"AT","AUS","Australia","AU",245,2007,17,NA
"AT","AUS","Australia","AU",259,2008,18,NA
"AT","AUS","Australia","AU",169,2009,13,NA
"AT","AUS","Australia","AU",82,2010,8,NA
"AT","AUS","Australia","AU",84,2011,7,NA
"AT","AUS","Australia","AU",51,2012,3,NA
"AT","AUS","Australia","AU",94,2013,4,NA
"AT","AUS","Australia","AU",13,2014,1,NA
"AT","AUS","Australia","AU",35,2015,2,NA
"AU","AUT","Austria","AT",36,1965,2,NA
"AU","AUT","Austria","AT",61,1966,3,NA
"AU","AUT","Austria","AT",24,1967,2,NA
"AU","AUT","Austria","AT",32,1968,2,NA
"AU","AUT","Austria","AT",8,1971,1,NA
"AU","AUT","Austria","AT",52,1973,4,NA
"AU","AUT","Austria","AT",19,1974,2,NA
"AU","AUT","Austria","AT",21,1975,2,NA
"AU","AUT","Austria","AT",44,1976,4,NA
"AU","AUT","Austria","AT",30,1977,3,NA
"AU","AUT","Austria","AT",28,1978,3,NA
"AU","AUT","Austria","AT",95,1979,7,NA
"AU","AUT","Austria","AT",68,1980,6,NA
"AU","AUT","Austria","AT",41,1981,4,NA
"AU","AUT","Austria","AT",49,1982,5,NA
"AU","AUT","Austria","AT",43,1983,4,NA
"AU","AUT","Austria","AT",34,1984,3,NA
"AU","AUT","Austria","AT",23,1985,2,NA
"AU","AUT","Austria","AT",79,1986,8,NA
"AU","AUT","Austria","AT",59,1987,4,NA
"AU","AUT","Austria","AT",126,1988,9,NA
"AU","AUT","Austria","AT",123,1989,9,NA
"AU","AUT","Austria","AT",206,1990,15,NA
"AU","AUT","Austria","AT",218,1991,16,NA
"AU","AUT","Austria","AT",163,1992,14,NA
"AU","AUT","Austria","AT",74,1993,7,NA
"AU","AUT","Austria","AT",227,1994,15,NA
"AU","AUT","Austria","AT",235,1995,21,NA
"AU","AUT","Austria","AT",245,1996,18,NA
"AU","AUT","Austria","AT",236,1997,18,NA
"AU","AUT","Austria","AT",358,1998,26,NA
"AU","AUT","Austria","AT",246,1999,20,NA
"AU","AUT","Austria","AT",452,2000,33,NA
"AU","AUT","Austria","AT",313,2001,27,NA
"AU","AUT","Austria","AT",444,2002,33,NA
"AU","AUT","Austria","AT",462,2003,35,NA
"AU","AUT","Austria","AT",760,2004,60,NA
"AU","AUT","Austria","AT",466,2005,44,NA
"AU","AUT","Austria","AT",640,2006,50,NA
"AU","AUT","Austria","AT",628,2007,50,NA
"AU","AUT","Austria","AT",665,2008,55,NA
"AU","AUT","Austria","AT",353,2009,34,NA
"AU","AUT","Austria","AT",387,2010,33,NA
"AU","AUT","Austria","AT",220,2011,20,NA
"AU","AUT","Austria","AT",166,2012,14,NA
"AU","AUT","Austria","AT",93,2013,8,NA
"AU","AUT","Austria","AT",49,2014,4,NA
"AU","AUT","Austria","AT",28,2015,2,NA
"BA","BHR","Bahrain","BH",10,1995,1,NA
"BA","BHR","Bahrain","BH",11,2004,1,NA
"BA","BHR","Bahrain","BH",10,2006,1,NA
"BE","BEL","Belgium","BE",12,1969,1,NA
"BE","BEL","Belgium","BE",36,1978,4,NA
"BE","BEL","Belgium","BE",17,1981,2,NA
"BE","BEL","Belgium","BE",23,1982,2,NA
"BE","BEL","Belgium","BE",12,1983,2,NA
"BE","BEL","Belgium","BE",11,1984,2,NA
"BE","BEL","Belgium","BE",36,1985,4,NA
"BE","BEL","Belgium","BE",50,1986,5,NA
"BE","BEL","Belgium","BE",11,1987,1,NA
"BE","BEL","Belgium","BE",54,1988,5,NA
"BE","BEL","Belgium","BE",57,1989,4,NA
"BE","BEL","Belgium","BE",110,1990,10,NA
"BE","BEL","Belgium","BE",88,1991,7,NA
"BE","BEL","Belgium","BE",74,1992,6,NA
"BE","BEL","Belgium","BE",144,1993,10,NA
"BE","BEL","Belgium","BE",25,1994,2,NA
"BE","BEL","Belgium","BE",38,1995,3,NA
"BE","BEL","Belgium","BE",58,1996,4,NA
"BE","BEL","Belgium","BE",66,1997,6,NA
"BE","BEL","Belgium","BE",64,1998,5,NA
"BE","BEL","Belgium","BE",124,1999,12,NA
"BE","BEL","Belgium","BE",103,2000,8,NA
"BE","BEL","Belgium","BE",201,2001,16,NA
"BE","BEL","Belgium","BE",177,2002,12,NA
"BE","BEL","Belgium","BE",129,2003,8,NA
"BE","BEL","Belgium","BE",154,2004,13,NA
"BE","BEL","Belgium","BE",170,2005,14,NA
"BE","BEL","Belgium","BE",232,2006,18,NA
"BE","BEL","Belgium","BE",278,2007,22,NA
"BE","BEL","Belgium","BE",128,2008,11,NA
"BE","BEL","Belgium","BE",126,2009,10,NA
"BE","BEL","Belgium","BE",187,2010,10,NA
"BE","BEL","Belgium","BE",36,2011,3,NA
"BE","BEL","Belgium","BE",39,2012,3,NA
"BE","BEL","Belgium","BE",23,2013,2,NA
"BG","BGD","Bangladesh","BD",9,2003,1,NA
"BG","BGD","Bangladesh","BD",7,2007,1,NA
"BG","BGD","Bangladesh","BD",16,2008,1,NA
"BR","BRA","Brazil","BR",8,1954,1,NA
"BR","BRA","Brazil","BR",8,1955,1,NA
"BR","BRA","Brazil","BR",15,1956,2,NA
"BR","BRA","Brazil","BR",24,1957,3,NA
"BR","BRA","Brazil","BR",46,1958,4,NA
"BR","BRA","Brazil","BR",26,1959,3,NA
"BR","BRA","Brazil","BR",14,1960,2,NA
"BR","BRA","Brazil","BR",36,1961,3,NA
"BR","BRA","Brazil","BR",52,1962,6,NA
"BR","BRA","Brazil","BR",48,1963,4,NA
"BR","BRA","Brazil","BR",68,1964,6,NA
"BR","BRA","Brazil","BR",107,1965,9,NA
"BR","BRA","Brazil","BR",115,1966,10,NA
"BR","BRA","Brazil","BR",146,1967,12,NA
"BR","BRA","Brazil","BR",72,1968,6,NA
"BR","BRA","Brazil","BR",146,1969,12,NA
"BR","BRA","Brazil","BR",133,1970,12,NA
"BR","BRA","Brazil","BR",108,1971,9,NA
"BR","BRA","Brazil","BR",143,1972,13,NA
"BR","BRA","Brazil","BR",159,1973,15,NA
"BR","BRA","Brazil","BR",164,1974,14,NA
"BR","BRA","Brazil","BR",137,1975,12,NA
"BR","BRA","Brazil","BR",178,1976,15,NA
"BR","BRA","Brazil","BR",137,1977,13,NA
"BR","BRA","Brazil","BR",110,1978,10,NA
"BR","BRA","Brazil","BR",83,1979,8,NA
"BR","BRA","Brazil","BR",135,1980,12,NA
"BR","BRA","Brazil","BR",118,1981,11,NA
"BR","BRA","Brazil","BR",132,1982,11,NA
"BR","BRA","Brazil","BR",69,1983,7,NA
"BR","BRA","Brazil","BR",112,1984,11,NA
"BR","BRA","Brazil","BR",152,1985,15,NA
"BR","BRA","Brazil","BR",106,1986,9,NA
"BR","BRA","Brazil","BR",175,1987,17,NA
"BR","BRA","Brazil","BR",105,1988,10,NA
"BR","BRA","Brazil","BR",195,1989,17,NA
"BR","BRA","Brazil","BR",143,1990,13,NA
"BR","BRA","Brazil","BR",200,1991,17,NA
"BR","BRA","Brazil","BR",196,1992,15,NA
"BR","BRA","Brazil","BR",306,1993,24,NA
"BR","BRA","Brazil","BR",295,1994,22,NA
"BR","BRA","Brazil","BR",301,1995,22,NA
"BR","BRA","Brazil","BR",241,1996,19,NA
"BR","BRA","Brazil","BR",306,1997,23,NA
"BR","BRA","Brazil","BR",325,1998,26,NA
"BR","BRA","Brazil","BR",339,1999,26,NA
"BR","BRA","Brazil","BR",370,2000,27,NA
"BR","BRA","Brazil","BR",336,2001,25,NA
"BR","BRA","Brazil","BR",310,2002,24,NA
"BR","BRA","Brazil","BR",337,2003,24,NA
"BR","BRA","Brazil","BR",326,2004,24,NA
"BR","BRA","Brazil","BR",472,2005,35,NA
"BR","BRA","Brazil","BR",271,2006,20,NA
"BR","BRA","Brazil","BR",289,2007,21,NA
"BR","BRA","Brazil","BR",287,2008,22,NA
"BR","BRA","Brazil","BR",206,2009,16,NA
"BR","BRA","Brazil","BR",171,2010,13,NA
"BR","BRA","Brazil","BR",113,2011,7,NA
"BR","BRA","Brazil","BR",78,2012,5,NA
"BR","BRA","Brazil","BR",47,2013,2,NA
"BR","BRA","Brazil","BR",25,2014,2,NA
"BR","BRA","Brazil","BR",36,2015,2,NA
"BY","BDI","Burundi","BI",7,2007,1,NA
"BY","BDI","Burundi","BI",10,2009,1,NA
"BY","BDI","Burundi","BI",14,2010,1,NA
"CA","CAN","Canada","CA",12,1960,1,NA
"CA","CAN","Canada","CA",24,1961,2,NA
"CA","CAN","Canada","CA",16,1964,1,NA
"CA","CAN","Canada","CA",11,1966,1,NA
"CA","CAN","Canada","CA",49,1967,4,NA
"CA","CAN","Canada","CA",34,1968,3,NA
"CA","CAN","Canada","CA",103,1969,9,NA
"CA","CAN","Canada","CA",43,1970,4,NA
"CA","CAN","Canada","CA",44,1971,4,NA
"CA","CAN","Canada","CA",54,1972,5,NA
"CA","CAN","Canada","CA",28,1973,3,NA
"CA","CAN","Canada","CA",64,1974,5,NA
"CA","CAN","Canada","CA",84,1975,8,NA
"CA","CAN","Canada","CA",112,1976,11,NA
"CA","CAN","Canada","CA",60,1977,6,NA
"CA","CAN","Canada","CA",106,1978,10,NA
"CA","CAN","Canada","CA",104,1979,11,NA
"CA","CAN","Canada","CA",129,1980,12,NA
"CA","CAN","Canada","CA",183,1981,13,NA
"CA","CAN","Canada","CA",137,1982,13,NA
"CA","CAN","Canada","CA",181,1983,17,NA
"CA","CAN","Canada","CA",74,1984,8,NA
"CA","CAN","Canada","CA",145,1985,13,NA
"CA","CAN","Canada","CA",109,1986,11,NA
"CA","CAN","Canada","CA",170,1987,17,NA
"CA","CAN","Canada","CA",127,1988,11,NA
"CA","CAN","Canada","CA",167,1989,16,NA
"CA","CAN","Canada","CA",185,1990,16,NA
"CA","CAN","Canada","CA",206,1991,18,NA
"CA","CAN","Canada","CA",267,1992,23,NA
"CA","CAN","Canada","CA",429,1993,30,NA
"CA","CAN","Canada","CA",489,1994,39,NA
"CA","CAN","Canada","CA",466,1995,37,NA
"CA","CAN","Canada","CA",474,1996,36,NA
"CA","CAN","Canada","CA",560,1997,37,NA
"CA","CAN","Canada","CA",445,1998,38,NA
"CA","CAN","Canada","CA",511,1999,40,NA
"CA","CAN","Canada","CA",569,2000,48,NA
"CA","CAN","Canada","CA",610,2001,50,NA
"CA","CAN","Canada","CA",663,2002,59,NA
"CA","CAN","Canada","CA",536,2003,43,NA
"CA","CAN","Canada","CA",707,2004,60,NA
"CA","CAN","Canada","CA",923,2005,76,NA
"CA","CAN","Canada","CA",863,2006,72,NA
"CA","CAN","Canada","CA",929,2007,74,NA
"CA","CAN","Canada","CA",797,2008,66,NA
"CA","CAN","Canada","CA",876,2009,71,NA
"CA","CAN","Canada","CA",508,2010,45,NA
"CA","CAN","Canada","CA",284,2011,25,NA
"CA","CAN","Canada","CA",218,2012,16,NA
"CA","CAN","Canada","CA",54,2014,6,NA
"CA","CAN","Canada","CA",12,2015,1,NA
"CA","CAN","Canada","CA",12,2016,1,NA
"CH","CHN","China","CN",9,1966,1,NA
"CH","CHN","China","CN",7,1967,1,NA
"CH","CHN","China","CN",17,1970,2,NA
"CH","CHN","China","CN",13,1971,1,NA
"CH","CHN","China","CN",10,1972,1,NA
"CH","CHN","China","CN",20,1976,2,NA
"CH","CHN","China","CN",9,1979,1,NA
"CH","CHN","China","CN",8,1984,1,NA
"CH","CHN","China","CN",4,1985,1,NA
"CH","CHN","China","CN",23,1987,2,NA
"CH","CHN","China","CN",12,1989,1,NA
"CH","CHN","China","CN",48,1991,4,NA
"CH","CHN","China","CN",33,1992,3,NA
"CH","CHN","China","CN",33,1993,5,NA
"CH","CHN","China","CN",61,1994,5,NA
"CH","CHN","China","CN",42,1995,4,NA
"CH","CHN","China","CN",52,1996,4,NA
"CH","CHN","China","CN",60,1997,5,NA
"CH","CHN","China","CN",38,1998,4,NA
"CH","CHN","China","CN",49,1999,4,NA
"CH","CHN","China","CN",57,2000,4,NA
"CH","CHN","China","CN",81,2001,7,NA
"CH","CHN","China","CN",37,2002,3,NA
"CH","CHN","China","CN",121,2003,9,NA
"CH","CHN","China","CN",57,2004,5,NA
"CH","CHN","China","CN",64,2005,5,NA
"CH","CHN","China","CN",65,2006,5,NA
"CH","CHN","China","CN",74,2007,5,NA
"CH","CHN","China","CN",119,2008,9,NA
"CH","CHN","China","CN",64,2009,5,NA
"CH","CHN","China","CN",56,2010,5,NA
"CH","CHN","China","CN",26,2011,2,NA
"CH","CHN","China","CN",42,2012,3,NA
"CH","CHN","China","CN",12,2015,1,NA
"CL","CHL","Chile","CL",12,1966,1,NA
"CL","CHL","Chile","CL",10,1989,1,NA
"CL","CHL","Chile","CL",10,1991,1,NA
"CL","CHL","Chile","CL",15,1992,1,NA
"CL","CHL","Chile","CL",10,1994,1,NA
"CL","CHL","Chile","CL",24,1995,2,NA
"CL","CHL","Chile","CL",35,1996,3,NA
"CL","CHL","Chile","CL",27,1997,2,NA
"CL","CHL","Chile","CL",24,1998,2,NA
"CL","CHL","Chile","CL",24,1999,2,NA
"CL","CHL","Chile","CL",34,2000,3,NA
"CL","CHL","Chile","CL",18,2001,1,NA
"CL","CHL","Chile","CL",21,2002,2,NA
"CL","CHL","Chile","CL",61,2003,3,NA
"CL","CHL","Chile","CL",45,2004,4,NA
"CL","CHL","Chile","CL",75,2005,6,NA
"CL","CHL","Chile","CL",44,2006,4,NA
"CL","CHL","Chile","CL",43,2007,4,NA
"CL","CHL","Chile","CL",45,2008,4,NA
"CL","CHL","Chile","CL",13,2009,1,NA
"CL","CHL","Chile","CL",10,2010,1,NA
"CL","CHL","Chile","CL",54,2011,5,NA
"CL","CHL","Chile","CL",24,2012,2,NA
"CN","COM","Comoros","KM",12,2004,1,NA
"CO","COL","Colombia","CO",11,1994,1,NA
"CO","COL","Colombia","CO",12,1997,1,NA
"CO","COL","Colombia","CO",12,2001,1,NA
"CO","COL","Colombia","CO",13,2003,1,NA
"CO","COL","Colombia","CO",22,2004,2,NA
"CO","COL","Colombia","CO",23,2006,2,NA
"CO","COL","Colombia","CO",11,2008,1,NA
"CO","COL","Colombia","CO",15,2009,1,NA
"CS","CRI","Costa Rica","CR",10,1993,1,NA
"CS","CRI","Costa Rica","CR",9,1997,1,NA
"CS","CRI","Costa Rica","CR",23,1998,2,NA
"CS","CRI","Costa Rica","CR",11,1999,1,NA
"CS","CRI","Costa Rica","CR",11,2000,1,NA
"CS","CRI","Costa Rica","CR",26,2001,2,NA
"CS","CRI","Costa Rica","CR",14,2003,1,NA
"CS","CRI","Costa Rica","CR",21,2005,2,NA
"CZ","CZE","Czech Republic","CZ",12,1966,1,NA
"CZ","CZE","Czech Republic","CZ",51,1993,4,NA
"CZ","CZE","Czech Republic","CZ",50,1994,3,NA
"CZ","CZE","Czech Republic","CZ",91,1995,7,NA
"CZ","CZE","Czech Republic","CZ",95,1996,7,NA
"CZ","CZE","Czech Republic","CZ",41,1997,3,NA
"CZ","CZE","Czech Republic","CZ",78,1998,6,NA
"CZ","CZE","Czech Republic","CZ",59,1999,4,NA
"CZ","CZE","Czech Republic","CZ",81,2000,7,NA
"CZ","CZE","Czech Republic","CZ",66,2001,5,NA
"CZ","CZE","Czech Republic","CZ",87,2002,8,NA
"CZ","CZE","Czech Republic","CZ",127,2003,9,NA
"CZ","CZE","Czech Republic","CZ",83,2004,7,NA
"CZ","CZE","Czech Republic","CZ",83,2005,6,NA
"CZ","CZE","Czech Republic","CZ",158,2006,11,NA
"CZ","CZE","Czech Republic","CZ",89,2007,7,NA
"CZ","CZE","Czech Republic","CZ",53,2008,4,NA
"CZ","CZE","Czech Republic","CZ",118,2009,8,NA
"CZ","CZE","Czech Republic","CZ",25,2010,2,NA
"CZ","CZE","Czech Republic","CZ",11,2011,1,NA
"CZ","CZE","Czech Republic","CZ",45,2012,4,NA
"DE","DEU","Germany","DE",6,1947,1,NA
"DE","DEU","Germany","DE",18,1958,1,NA
"DE","DEU","Germany","DE",19,1961,2,NA
"DE","DEU","Germany","DE",24,1962,2,NA
"DE","DEU","Germany","DE",10,1963,1,NA
"DE","DEU","Germany","DE",47,1964,3,NA
"DE","DEU","Germany","DE",91,1965,7,NA
"DE","DEU","Germany","DE",70,1966,5,NA
"DE","DEU","Germany","DE",153,1967,12,NA
"DE","DEU","Germany","DE",137,1968,12,NA
"DE","DEU","Germany","DE",117,1969,9,NA
"DE","DEU","Germany","DE",299,1970,27,NA
"DE","DEU","Germany","DE",275,1971,24,NA
"DE","DEU","Germany","DE",268,1972,23,NA
"DE","DEU","Germany","DE",360,1973,30,NA
"DE","DEU","Germany","DE",243,1974,20,NA
"DE","DEU","Germany","DE",269,1975,19,NA
"DE","DEU","Germany","DE",233,1976,22,NA
"DE","DEU","Germany","DE",329,1977,30,NA
"DE","DEU","Germany","DE",359,1978,26,NA
"DE","DEU","Germany","DE",429,1979,40,NA
"DE","DEU","Germany","DE",357,1980,32,NA
"DE","DEU","Germany","DE",405,1981,30,NA
"DE","DEU","Germany","DE",437,1982,35,NA
"DE","DEU","Germany","DE",565,1983,48,NA
"DE","DEU","Germany","DE",583,1984,53,NA
"DE","DEU","Germany","DE",685,1985,67,NA
"DE","DEU","Germany","DE",710,1986,65,NA
"DE","DEU","Germany","DE",761,1987,68,NA
"DE","DEU","Germany","DE",810,1988,69,NA
"DE","DEU","Germany","DE",795,1989,70,NA
"DE","DEU","Germany","DE",1073,1990,80,NA
"DE","DEU","Germany","DE",1237,1991,96,NA
"DE","DEU","Germany","DE",1364,1992,106,NA
"DE","DEU","Germany","DE",1873,1993,154,NA
"DE","DEU","Germany","DE",2185,1994,161,NA
"DE","DEU","Germany","DE",2534,1995,191,NA
"DE","DEU","Germany","DE",2589,1996,200,NA
"DE","DEU","Germany","DE",2826,1997,206,NA
"DE","DEU","Germany","DE",2525,1998,197,NA
"DE","DEU","Germany","DE",2732,1999,221,NA
"DE","DEU","Germany","DE",2721,2000,214,NA
"DE","DEU","Germany","DE",3230,2001,250,NA
"DE","DEU","Germany","DE",3311,2002,274,NA
"DE","DEU","Germany","DE",3324,2003,277,NA
"DE","DEU","Germany","DE",4326,2004,329,NA
"DE","DEU","Germany","DE",4123,2005,319,NA
"DE","DEU","Germany","DE",4559,2006,356,NA
"DE","DEU","Germany","DE",4193,2007,327,NA
"DE","DEU","Germany","DE",4305,2008,324,NA
"DE","DEU","Germany","DE",3709,2009,275,NA
"DE","DEU","Germany","DE",2790,2010,224,NA
"DE","DEU","Germany","DE",2301,2011,179,NA
"DE","DEU","Germany","DE",1217,2012,91,NA
"DE","DEU","Germany","DE",395,2013,30,NA
"DE","DEU","Germany","DE",339,2014,25,NA
"DE","DEU","Germany","DE",240,2015,19,NA
"DE","DEU","Germany","DE",16,2016,2,NA
"DK","DNK","Denmark","DK",13,1963,1,NA
"DK","DNK","Denmark","DK",12,1970,1,NA
"DK","DNK","Denmark","DK",19,1971,2,NA
"DK","DNK","Denmark","DK",12,1972,1,NA
"DK","DNK","Denmark","DK",22,1975,2,NA
"DK","DNK","Denmark","DK",15,1976,1,NA
"DK","DNK","Denmark","DK",9,1980,1,NA
"DK","DNK","Denmark","DK",14,1981,1,NA
"DK","DNK","Denmark","DK",18,1982,1,NA
"DK","DNK","Denmark","DK",6,1983,1,NA
"DK","DNK","Denmark","DK",30,1984,3,NA
"DK","DNK","Denmark","DK",9,1986,1,NA
"DK","DNK","Denmark","DK",17,1987,2,NA
"DK","DNK","Denmark","DK",18,1988,2,NA
"DK","DNK","Denmark","DK",49,1989,4,NA
"DK","DNK","Denmark","DK",26,1990,3,NA
"DK","DNK","Denmark","DK",67,1991,5,NA
"DK","DNK","Denmark","DK",27,1992,3,NA
"DK","DNK","Denmark","DK",68,1993,6,NA
"DK","DNK","Denmark","DK",24,1994,2,NA
"DK","DNK","Denmark","DK",52,1995,5,NA
"DK","DNK","Denmark","DK",99,1996,8,NA
"DK","DNK","Denmark","DK",85,1997,7,NA
"DK","DNK","Denmark","DK",96,1998,8,NA
"DK","DNK","Denmark","DK",120,1999,9,NA
"DK","DNK","Denmark","DK",102,2000,9,NA
"DK","DNK","Denmark","DK",71,2001,6,NA
"DK","DNK","Denmark","DK",133,2002,10,NA
"DK","DNK","Denmark","DK",307,2003,17,NA
"DK","DNK","Denmark","DK",109,2004,10,NA
"DK","DNK","Denmark","DK",180,2005,15,NA
"DK","DNK","Denmark","DK",107,2006,9,NA
"DK","DNK","Denmark","DK",126,2007,11,NA
"DK","DNK","Denmark","DK",177,2008,14,NA
"DK","DNK","Denmark","DK",140,2009,13,NA
"DK","DNK","Denmark","DK",109,2010,10,NA
"DK","DNK","Denmark","DK",84,2011,8,NA
"DK","DNK","Denmark","DK",57,2012,5,NA
"DK","DNK","Denmark","DK",12,2013,1,NA
"DK","DNK","Denmark","DK",1,2014,1,NA
"DO","DMA","Dominica","DM",12,1996,1,NA
"DO","DMA","Dominica","DM",10,2002,1,NA
"DO","DMA","Dominica","DM",14,2009,1,NA
"EE","EST","Estonia","EE",16,1992,1,NA
"EE","EST","Estonia","EE",30,1996,2,NA
"EE","EST","Estonia","EE",14,1999,1,NA
"EE","EST","Estonia","EE",8,2000,1,NA
"EE","EST","Estonia","EE",49,2001,2,NA
"EE","EST","Estonia","EE",12,2003,1,NA
"EE","EST","Estonia","EE",21,2006,2,NA
"EE","EST","Estonia","EE",24,2007,2,NA
"EE","EST","Estonia","EE",13,2008,1,NA
"EE","EST","Estonia","EE",22,2009,2,NA
"EE","EST","Estonia","EE",16,2011,2,NA
"EE","EST","Estonia","EE",31,2012,3,NA
"ES","SLV","El Salvador","SV",13,1968,1,NA
"ES","SLV","El Salvador","SV",13,1969,1,NA
"ES","SLV","El Salvador","SV",30,1971,2,NA
"ES","SLV","El Salvador","SV",12,1974,1,NA
"ES","SLV","El Salvador","SV",29,1975,3,NA
"ES","SLV","El Salvador","SV",18,1976,2,NA
"ES","SLV","El Salvador","SV",25,1977,3,NA
"ES","SLV","El Salvador","SV",9,1978,1,NA
"ES","SLV","El Salvador","SV",61,1979,7,NA
"ES","SLV","El Salvador","SV",80,1980,8,NA
"ES","SLV","El Salvador","SV",48,1981,5,NA
"ES","SLV","El Salvador","SV",70,1982,7,NA
"ES","SLV","El Salvador","SV",38,1983,5,NA
"ES","SLV","El Salvador","SV",85,1984,7,NA
"ES","SLV","El Salvador","SV",95,1985,10,NA
"ES","SLV","El Salvador","SV",70,1986,6,NA
"ES","SLV","El Salvador","SV",128,1987,12,NA
"ES","SLV","El Salvador","SV",114,1988,8,NA
"ES","SLV","El Salvador","SV",86,1989,8,NA
"ES","SLV","El Salvador","SV",120,1990,9,NA
"ES","SLV","El Salvador","SV",89,1991,9,NA
"ES","SLV","El Salvador","SV",106,1992,11,NA
"ES","SLV","El Salvador","SV",111,1993,9,NA
"ES","SLV","El Salvador","SV",150,1994,13,NA
"ES","SLV","El Salvador","SV",228,1995,16,NA
"ES","SLV","El Salvador","SV",258,1996,21,NA
"ES","SLV","El Salvador","SV",299,1997,24,NA
"ES","SLV","El Salvador","SV",312,1998,24,NA
"ES","SLV","El Salvador","SV",472,1999,36,NA
"ES","SLV","El Salvador","SV",314,2000,26,NA
"ES","SLV","El Salvador","SV",522,2001,40,NA
"ES","SLV","El Salvador","SV",514,2002,42,NA
"ES","SLV","El Salvador","SV",748,2003,57,NA
"ES","SLV","El Salvador","SV",717,2004,56,NA
"ES","SLV","El Salvador","SV",646,2005,51,NA
"ES","SLV","El Salvador","SV",575,2006,46,NA
"ES","SLV","El Salvador","SV",641,2007,48,NA
"ES","SLV","El Salvador","SV",519,2008,42,NA
"ES","SLV","El Salvador","SV",363,2009,30,NA
"ES","SLV","El Salvador","SV",321,2010,25,NA
"ES","SLV","El Salvador","SV",222,2011,17,NA
"ES","SLV","El Salvador","SV",29,2012,2,NA
"ES","SLV","El Salvador","SV",19,2013,1,NA
"ES","SLV","El Salvador","SV",19,2014,2,NA
"FI","FIN","Finland","FI",9,1972,1,NA
"FI","FIN","Finland","FI",14,1975,1,NA
"FI","FIN","Finland","FI",14,1976,1,NA
"FI","FIN","Finland","FI",17,1977,1,NA
"FI","FIN","Finland","FI",27,1978,2,NA
"FI","FIN","Finland","FI",24,1979,2,NA
"FI","FIN","Finland","FI",42,1980,3,NA
"FI","FIN","Finland","FI",23,1981,2,NA
"FI","FIN","Finland","FI",21,1982,2,NA
"FI","FIN","Finland","FI",28,1983,3,NA
"FI","FIN","Finland","FI",32,1984,3,NA
"FI","FIN","Finland","FI",30,1985,3,NA
"FI","FIN","Finland","FI",73,1986,7,NA
"FI","FIN","Finland","FI",82,1987,6,NA
"FI","FIN","Finland","FI",46,1988,5,NA
"FI","FIN","Finland","FI",74,1989,6,NA
"FI","FIN","Finland","FI",114,1990,9,NA
"FI","FIN","Finland","FI",165,1991,10,NA
"FI","FIN","Finland","FI",102,1992,9,NA
"FI","FIN","Finland","FI",136,1993,11,NA
"FI","FIN","Finland","FI",119,1994,10,NA
"FI","FIN","Finland","FI",153,1995,13,NA
"FI","FIN","Finland","FI",288,1996,24,NA
"FI","FIN","Finland","FI",278,1997,23,NA
"FI","FIN","Finland","FI",325,1998,30,NA
"FI","FIN","Finland","FI",335,1999,32,NA
"FI","FIN","Finland","FI",418,2000,36,NA
"FI","FIN","Finland","FI",564,2001,55,NA
"FI","FIN","Finland","FI",577,2002,58,NA
"FI","FIN","Finland","FI",660,2003,64,NA
"FI","FIN","Finland","FI",749,2004,62,NA
"FI","FIN","Finland","FI",778,2005,77,NA
"FI","FIN","Finland","FI",958,2006,88,NA
"FI","FIN","Finland","FI",708,2007,73,NA
"FI","FIN","Finland","FI",863,2008,78,NA
"FI","FIN","Finland","FI",636,2009,54,NA
"FI","FIN","Finland","FI",466,2010,41,NA
"FI","FIN","Finland","FI",265,2011,24,NA
"FI","FIN","Finland","FI",229,2012,20,NA
"FI","FIN","Finland","FI",40,2013,3,NA
"FI","FIN","Finland","FI",13,2014,2,NA
"FI","FIN","Finland","FI",10,2015,1,NA
"FO","FRO","Faroe Islands","FO",4,2000,1,NA
"FO","FRO","Faroe Islands","FO",2,2002,1,NA
"FO","FRO","Faroe Islands","FO",5,2010,1,NA
"FO","FRO","Faroe Islands","FO",6,2013,1,NA
"FR","FRA","France","FR",9,1951,1,NA
"FR","FRA","France","FR",17,1953,2,NA
"FR","FRA","France","FR",4,1955,1,NA
"FR","FRA","France","FR",4,1957,1,NA
"FR","FRA","France","FR",40,1958,3,NA
"FR","FRA","France","FR",41,1959,4,NA
"FR","FRA","France","FR",24,1960,2,NA
"FR","FRA","France","FR",46,1961,4,NA
"FR","FRA","France","FR",36,1962,3,NA
"FR","FRA","France","FR",79,1963,5,NA
"FR","FRA","France","FR",115,1964,8,NA
"FR","FRA","France","FR",103,1965,9,NA
"FR","FRA","France","FR",75,1966,6,NA
"FR","FRA","France","FR",79,1967,6,NA
"FR","FRA","France","FR",100,1968,8,NA
"FR","FRA","France","FR",110,1969,8,NA
"FR","FRA","France","FR",45,1970,4,NA
"FR","FRA","France","FR",117,1971,11,NA
"FR","FRA","France","FR",145,1972,13,NA
"FR","FRA","France","FR",201,1973,18,NA
"FR","FRA","France","FR",105,1974,10,NA
"FR","FRA","France","FR",158,1975,14,NA
"FR","FRA","France","FR",213,1976,16,NA
"FR","FRA","France","FR",150,1977,15,NA
"FR","FRA","France","FR",202,1978,18,NA
"FR","FRA","France","FR",205,1979,20,NA
"FR","FRA","France","FR",184,1980,17,NA
"FR","FRA","France","FR",240,1981,22,NA
"FR","FRA","France","FR",122,1982,12,NA
"FR","FRA","France","FR",144,1983,15,NA
"FR","FRA","France","FR",171,1984,15,NA
"FR","FRA","France","FR",290,1985,24,NA
"FR","FRA","France","FR",211,1986,20,NA
"FR","FRA","France","FR",183,1987,16,NA
"FR","FRA","France","FR",383,1988,31,NA
"FR","FRA","France","FR",367,1989,29,NA
"FR","FRA","France","FR",509,1990,35,NA
"FR","FRA","France","FR",486,1991,35,NA
"FR","FRA","France","FR",514,1992,42,NA
"FR","FRA","France","FR",444,1993,33,NA
"FR","FRA","France","FR",590,1994,35,NA
"FR","FRA","France","FR",636,1995,48,NA
"FR","FRA","France","FR",916,1996,59,NA
"FR","FRA","France","FR",829,1997,61,NA
"FR","FRA","France","FR",643,1998,47,NA
"FR","FRA","France","FR",604,1999,53,NA
"FR","FRA","France","FR",1016,2000,76,NA
"FR","FRA","France","FR",1086,2001,80,NA
"FR","FRA","France","FR",1009,2002,74,NA
"FR","FRA","France","FR",1199,2003,89,NA
"FR","FRA","France","FR",1139,2004,86,NA
"FR","FRA","France","FR",1094,2005,81,NA
"FR","FRA","France","FR",1159,2006,87,NA
"FR","FRA","France","FR",1100,2007,88,NA
"FR","FRA","France","FR",1125,2008,84,NA
"FR","FRA","France","FR",1071,2009,78,NA
"FR","FRA","France","FR",723,2010,58,NA
"FR","FRA","France","FR",696,2011,53,NA
"FR","FRA","France","FR",282,2012,23,NA
"FR","FRA","France","FR",87,2013,8,NA
"FR","FRA","France","FR",105,2014,8,NA
"FR","FRA","France","FR",22,2015,2,NA
"FR","FRA","France","FR",10,2016,1,NA
"GB","GAB","Gabon","GA",24,1828,1,NA
"GB","GAB","Gabon","GA",24,1955,2,NA
"GB","GAB","Gabon","GA",34,1957,2,NA
"GB","GAB","Gabon","GA",14,1958,1,NA
"GB","GAB","Gabon","GA",32,1959,2,NA
"GB","GAB","Gabon","GA",79,1960,7,NA
"GB","GAB","Gabon","GA",95,1961,6,NA
"GB","GAB","Gabon","GA",20,1962,2,NA
"GB","GAB","Gabon","GA",48,1963,4,NA
"GB","GAB","Gabon","GA",120,1964,10,NA
"GB","GAB","Gabon","GA",316,1965,21,NA
"GB","GAB","Gabon","GA",129,1966,9,NA
"GB","GAB","Gabon","GA",427,1967,33,NA
"GB","GAB","Gabon","GA",611,1968,44,NA
"GB","GAB","Gabon","GA",623,1969,54,NA
"GB","GAB","Gabon","GA",799,1970,71,NA
"GB","GAB","Gabon","GA",821,1971,70,NA
"GB","GAB","Gabon","GA",892,1972,82,NA
"GB","GAB","Gabon","GA",704,1973,67,NA
"GB","GAB","Gabon","GA",855,1974,81,NA
"GB","GAB","Gabon","GA",870,1975,83,NA
"GB","GAB","Gabon","GA",574,1976,55,NA
"GB","GAB","Gabon","GA",716,1977,66,NA
"GB","GAB","Gabon","GA",1014,1978,83,NA
"GB","GAB","Gabon","GA",1064,1979,93,NA
"GB","GAB","Gabon","GA",1016,1980,91,NA
"GB","GAB","Gabon","GA",1213,1981,104,NA
"GB","GAB","Gabon","GA",1104,1982,98,NA
"GB","GAB","Gabon","GA",1174,1983,105,NA
"GB","GAB","Gabon","GA",1056,1984,92,NA
"GB","GAB","Gabon","GA",1139,1985,96,NA
"GB","GAB","Gabon","GA",976,1986,89,NA
"GB","GAB","Gabon","GA",1312,1987,109,NA
"GB","GAB","Gabon","GA",1126,1988,93,NA
"GB","GAB","Gabon","GA",1087,1989,89,NA
"GB","GAB","Gabon","GA",1534,1990,116,NA
"GB","GAB","Gabon","GA",1461,1991,124,NA
"GB","GAB","Gabon","GA",1674,1992,131,NA
"GB","GAB","Gabon","GA",1764,1993,138,NA
"GB","GAB","Gabon","GA",2131,1994,149,NA
"GB","GAB","Gabon","GA",2185,1995,171,NA
"GB","GAB","Gabon","GA",2599,1996,173,NA
"GB","GAB","Gabon","GA",2314,1997,156,NA
"GB","GAB","Gabon","GA",2279,1998,181,NA
"GB","GAB","Gabon","GA",2087,1999,163,NA
"GB","GAB","Gabon","GA",2952,2000,210,NA
"GB","GAB","Gabon","GA",3301,2001,233,NA
"GB","GAB","Gabon","GA",3727,2002,247,NA
"GB","GAB","Gabon","GA",3605,2003,265,NA
"GB","GAB","Gabon","GA",3186,2004,236,NA
"GB","GAB","Gabon","GA",3669,2005,271,NA
"GB","GAB","Gabon","GA",3749,2006,290,NA
"GB","GAB","Gabon","GA",3576,2007,285,NA
"GB","GAB","Gabon","GA",3459,2008,275,NA
"GB","GAB","Gabon","GA",3196,2009,252,NA
"GB","GAB","Gabon","GA",3102,2010,254,NA
"GB","GAB","Gabon","GA",1938,2011,160,NA
"GB","GAB","Gabon","GA",1017,2012,87,NA
"GB","GAB","Gabon","GA",452,2013,37,NA
"GB","GAB","Gabon","GA",194,2014,21,NA
"GB","GAB","Gabon","GA",124,2015,8,NA
"GL","GRL","Greenland","GL",10,2000,1,NA
"GL","GRL","Greenland","GL",12,2001,1,NA
"GR","GRC","Greece","GR",9,1969,1,NA
"GR","GRC","Greece","GR",13,1982,2,NA
"GR","GRC","Greece","GR",8,1993,1,NA
"GR","GRC","Greece","GR",29,1994,3,NA
"GR","GRC","Greece","GR",36,1995,4,NA
"GR","GRC","Greece","GR",18,1996,1,NA
"GR","GRC","Greece","GR",10,1997,1,NA
"GR","GRC","Greece","GR",15,1998,2,NA
"GR","GRC","Greece","GR",10,1999,1,NA
"GR","GRC","Greece","GR",40,2000,4,NA
"GR","GRC","Greece","GR",17,2001,2,NA
"GR","GRC","Greece","GR",19,2002,2,NA
"GR","GRC","Greece","GR",75,2003,8,NA
"GR","GRC","Greece","GR",42,2004,4,NA
"GR","GRC","Greece","GR",82,2005,7,NA
"GR","GRC","Greece","GR",50,2006,4,NA
"GR","GRC","Greece","GR",75,2007,6,NA
"GR","GRC","Greece","GR",85,2008,8,NA
"GR","GRC","Greece","GR",27,2009,3,NA
"GR","GRC","Greece","GR",19,2010,2,NA
"GR","GRC","Greece","GR",12,2011,1,NA
"GR","GRC","Greece","GR",12,2012,1,NA
"HK","HKG","Hong Kong","HK",13,1987,1,NA
"HK","HKG","Hong Kong","HK",12,1997,1,NA
"HK","HKG","Hong Kong","HK",14,1999,1,NA
"HK","HKG","Hong Kong","HK",12,2000,1,NA
"HK","HKG","Hong Kong","HK",23,2003,1,NA
"HK","HKG","Hong Kong","HK",10,2004,1,NA
"HK","HKG","Hong Kong","HK",13,2005,1,NA
"HK","HKG","Hong Kong","HK",13,2010,1,NA
"HR","HRV","Croatia","HR",6,1974,1,NA
"HR","HRV","Croatia","HR",9,1975,1,NA
"HR","HRV","Croatia","HR",17,1996,1,NA
"HR","HRV","Croatia","HR",34,1997,3,NA
"HR","HRV","Croatia","HR",44,2000,4,NA
"HR","HRV","Croatia","HR",36,2001,3,NA
"HR","HRV","Croatia","HR",35,2002,3,NA
"HR","HRV","Croatia","HR",10,2004,1,NA
"HR","HRV","Croatia","HR",103,2005,5,NA
"HR","HRV","Croatia","HR",12,2007,1,NA
"HR","HRV","Croatia","HR",34,2008,3,NA
"HR","HRV","Croatia","HR",12,2011,1,NA
"HU","HUN","Hungary","HU",10,1980,1,NA
"HU","HUN","Hungary","HU",10,1987,1,NA
"HU","HUN","Hungary","HU",21,1989,2,NA
"HU","HUN","Hungary","HU",81,1990,7,NA
"HU","HUN","Hungary","HU",48,1991,4,NA
"HU","HUN","Hungary","HU",48,1992,5,NA
"HU","HUN","Hungary","HU",93,1993,6,NA
"HU","HUN","Hungary","HU",88,1994,7,NA
"HU","HUN","Hungary","HU",73,1995,5,NA
"HU","HUN","Hungary","HU",90,1996,8,NA
"HU","HUN","Hungary","HU",81,1997,6,NA
"HU","HUN","Hungary","HU",66,1998,4,NA
"HU","HUN","Hungary","HU",104,1999,8,NA
"HU","HUN","Hungary","HU",48,2000,4,NA
"HU","HUN","Hungary","HU",73,2001,6,NA
"HU","HUN","Hungary","HU",45,2002,4,NA
"HU","HUN","Hungary","HU",102,2003,9,NA
"HU","HUN","Hungary","HU",150,2004,11,NA
"HU","HUN","Hungary","HU",53,2005,4,NA
"HU","HUN","Hungary","HU",87,2006,8,NA
"HU","HUN","Hungary","HU",45,2007,3,NA
"HU","HUN","Hungary","HU",58,2008,5,NA
"HU","HUN","Hungary","HU",53,2009,4,NA
"HU","HUN","Hungary","HU",25,2010,2,NA
"HU","HUN","Hungary","HU",45,2011,4,NA
"HU","HUN","Hungary","HU",12,2012,1,NA
"ID","IDN","Indonesia","ID",10,1999,1,NA
"ID","IDN","Indonesia","ID",12,2000,1,NA
"ID","IDN","Indonesia","ID",14,2002,1,NA
"ID","IDN","Indonesia","ID",10,2003,1,NA
"ID","IDN","Indonesia","ID",12,2004,1,NA
"ID","IDN","Indonesia","ID",31,2006,2,NA
"ID","IDN","Indonesia","ID",20,2008,2,NA
"ID","IDN","Indonesia","ID",12,2009,1,NA
"IE","IRL","Ireland","IE",12,1972,1,NA
"IE","IRL","Ireland","IE",13,1973,1,NA
"IE","IRL","Ireland","IE",21,1975,1,NA
"IE","IRL","Ireland","IE",20,1976,2,NA
"IE","IRL","Ireland","IE",9,1977,1,NA
"IE","IRL","Ireland","IE",12,1978,1,NA
"IE","IRL","Ireland","IE",9,1979,1,NA
"IE","IRL","Ireland","IE",19,1980,2,NA
"IE","IRL","Ireland","IE",11,1981,1,NA
"IE","IRL","Ireland","IE",14,1983,1,NA
"IE","IRL","Ireland","IE",22,1984,2,NA
"IE","IRL","Ireland","IE",22,1985,2,NA
"IE","IRL","Ireland","IE",11,1988,1,NA
"IE","IRL","Ireland","IE",37,1989,3,NA
"IE","IRL","Ireland","IE",4,1990,1,NA
"IE","IRL","Ireland","IE",22,1991,2,NA
"IE","IRL","Ireland","IE",37,1992,3,NA
"IE","IRL","Ireland","IE",22,1993,2,NA
"IE","IRL","Ireland","IE",30,1994,3,NA
"IE","IRL","Ireland","IE",42,1995,4,NA
"IE","IRL","Ireland","IE",57,1996,5,NA
"IE","IRL","Ireland","IE",12,1997,1,NA
"IE","IRL","Ireland","IE",60,1998,6,NA
"IE","IRL","Ireland","IE",25,2000,2,NA
"IE","IRL","Ireland","IE",16,2001,1,NA
"IE","IRL","Ireland","IE",41,2002,3,NA
"IE","IRL","Ireland","IE",21,2003,2,NA
"IE","IRL","Ireland","IE",72,2005,5,NA
"IE","IRL","Ireland","IE",40,2006,4,NA
"IE","IRL","Ireland","IE",47,2007,6,NA
"IE","IRL","Ireland","IE",22,2008,2,NA
"IE","IRL","Ireland","IE",25,2009,2,NA
"IE","IRL","Ireland","IE",9,2010,1,NA
"IE","IRL","Ireland","IE",58,2011,4,NA
"IE","IRL","Ireland","IE",4,2014,1,NA
"IL","ISR","Israel","IL",13,1975,1,NA
"IL","ISR","Israel","IL",3,1992,1,NA
"IL","ISR","Israel","IL",9,1996,1,NA
"IL","ISR","Israel","IL",8,1997,1,NA
"IL","ISR","Israel","IL",9,1999,1,NA
"IL","ISR","Israel","IL",15,2000,2,NA
"IL","ISR","Israel","IL",9,2001,1,NA
"IL","ISR","Israel","IL",10,2004,1,NA
"IL","ISR","Israel","IL",9,2005,1,NA
"IL","ISR","Israel","IL",11,2006,1,NA
"IL","ISR","Israel","IL",23,2007,2,NA
"IL","ISR","Israel","IL",16,2008,1,NA
"IL","ISR","Israel","IL",34,2009,3,NA
"IL","ISR","Israel","IL",8,2010,1,NA
"IL","ISR","Israel","IL",13,2011,1,NA
"IN","IND","India","IN",10,2000,1,NA
"IN","IND","India","IN",11,2004,1,NA
"IN","IND","India","IN",5,2005,1,NA
"IN","IND","India","IN",19,2006,1,NA
"IN","IND","India","IN",8,2007,1,NA
"IN","IND","India","IN",10,2009,1,NA
"IN","IND","India","IN",7,2010,1,NA
"IN","IND","India","IN",12,2012,2,NA
"IR","IRN","Iran","IR",9,2007,1,NA
"IS","ISL","Iceland","IS",12,1994,1,NA
"IS","ISL","Iceland","IS",10,1995,1,NA
"IS","ISL","Iceland","IS",20,1996,2,NA
"IS","ISL","Iceland","IS",12,1997,1,NA
"IS","ISL","Iceland","IS",11,1998,1,NA
"IS","ISL","Iceland","IS",24,1999,2,NA
"IS","ISL","Iceland","IS",10,2000,1,NA
"IS","ISL","Iceland","IS",11,2002,1,NA
"IS","ISL","Iceland","IS",10,2003,1,NA
"IS","ISL","Iceland","IS",28,2004,2,NA
"IS","ISL","Iceland","IS",12,2005,1,NA
"IS","ISL","Iceland","IS",24,2007,2,NA
"IS","ISL","Iceland","IS",55,2008,5,NA
"IS","ISL","Iceland","IS",11,2009,1,NA
"IS","ISL","Iceland","IS",33,2010,3,NA
"IT","ITA","Italy","IT",12,1959,1,NA
"IT","ITA","Italy","IT",48,1963,4,NA
"IT","ITA","Italy","IT",12,1964,1,NA
"IT","ITA","Italy","IT",12,1965,1,NA
"IT","ITA","Italy","IT",10,1966,1,NA
"IT","ITA","Italy","IT",10,1967,1,NA
"IT","ITA","Italy","IT",29,1968,3,NA
"IT","ITA","Italy","IT",67,1970,7,NA
"IT","ITA","Italy","IT",71,1971,10,NA
"IT","ITA","Italy","IT",100,1972,12,NA
"IT","ITA","Italy","IT",120,1973,17,NA
"IT","ITA","Italy","IT",92,1974,11,NA
"IT","ITA","Italy","IT",84,1975,10,NA
"IT","ITA","Italy","IT",85,1976,9,NA
"IT","ITA","Italy","IT",48,1977,6,NA
"IT","ITA","Italy","IT",90,1978,10,NA
"IT","ITA","Italy","IT",75,1979,10,NA
"IT","ITA","Italy","IT",61,1980,7,NA
"IT","ITA","Italy","IT",67,1981,8,NA
"IT","ITA","Italy","IT",89,1982,10,NA
"IT","ITA","Italy","IT",79,1983,7,NA
"IT","ITA","Italy","IT",48,1984,6,NA
"IT","ITA","Italy","IT",91,1985,11,NA
"IT","ITA","Italy","IT",46,1986,5,NA
"IT","ITA","Italy","IT",90,1987,8,NA
"IT","ITA","Italy","IT",122,1988,12,NA
"IT","ITA","Italy","IT",85,1989,9,NA
"IT","ITA","Italy","IT",99,1990,9,NA
"IT","ITA","Italy","IT",174,1991,13,NA
"IT","ITA","Italy","IT",227,1992,18,NA
"IT","ITA","Italy","IT",215,1993,20,NA
"IT","ITA","Italy","IT",225,1994,18,NA
"IT","ITA","Italy","IT",315,1995,27,NA
"IT","ITA","Italy","IT",283,1996,24,NA
"IT","ITA","Italy","IT",390,1997,29,NA
"IT","ITA","Italy","IT",381,1998,33,NA
"IT","ITA","Italy","IT",387,1999,35,NA
"IT","ITA","Italy","IT",438,2000,37,NA
"IT","ITA","Italy","IT",458,2001,38,NA
"IT","ITA","Italy","IT",476,2002,42,NA
"IT","ITA","Italy","IT",486,2003,36,NA
"IT","ITA","Italy","IT",532,2004,48,NA
"IT","ITA","Italy","IT",502,2005,37,NA
"IT","ITA","Italy","IT",529,2006,38,NA
"IT","ITA","Italy","IT",498,2007,43,NA
"IT","ITA","Italy","IT",533,2008,43,NA
"IT","ITA","Italy","IT",301,2009,25,NA
"IT","ITA","Italy","IT",339,2010,27,NA
"IT","ITA","Italy","IT",245,2011,19,NA
"IT","ITA","Italy","IT",50,2012,5,NA
"IT","ITA","Italy","IT",41,2013,3,NA
"IT","ITA","Italy","IT",13,2015,1,NA
"JM","JAM","Jamaica","JM",12,1972,1,NA
"JM","JAM","Jamaica","JM",24,1973,2,NA
"JM","JAM","Jamaica","JM",10,1978,1,NA
"JM","JAM","Jamaica","JM",22,1979,2,NA
"JM","JAM","Jamaica","JM",27,1980,3,NA
"JM","JAM","Jamaica","JM",16,1992,1,NA
"JM","JAM","Jamaica","JM",14,1994,1,NA
"JM","JAM","Jamaica","JM",12,1998,1,NA
"JM","JAM","Jamaica","JM",14,2006,1,NA
"JM","JAM","Jamaica","JM",21,2007,1,NA
"JP","JPN","Japan","JP",11,1956,1,NA
"JP","JPN","Japan","JP",11,1958,1,NA
"JP","JPN","Japan","JP",10,1960,1,NA
"JP","JPN","Japan","JP",8,1963,1,NA
"JP","JPN","Japan","JP",26,1965,2,NA
"JP","JPN","Japan","JP",39,1966,3,NA
"JP","JPN","Japan","JP",34,1968,3,NA
"JP","JPN","Japan","JP",10,1969,1,NA
"JP","JPN","Japan","JP",42,1970,5,NA
"JP","JPN","Japan","JP",28,1971,3,NA
"JP","JPN","Japan","JP",14,1972,1,NA
"JP","JPN","Japan","JP",54,1973,5,NA
"JP","JPN","Japan","JP",38,1974,4,NA
"JP","JPN","Japan","JP",59,1975,6,NA
"JP","JPN","Japan","JP",34,1976,4,NA
"JP","JPN","Japan","JP",75,1977,7,NA
"JP","JPN","Japan","JP",32,1978,3,NA
"JP","JPN","Japan","JP",48,1979,5,NA
"JP","JPN","Japan","JP",32,1980,3,NA
"JP","JPN","Japan","JP",88,1981,3,NA
"JP","JPN","Japan","JP",20,1982,2,NA
"JP","JPN","Japan","JP",60,1983,5,NA
"JP","JPN","Japan","JP",36,1984,3,NA
"JP","JPN","Japan","JP",32,1985,3,NA
"JP","JPN","Japan","JP",86,1986,8,NA
"JP","JPN","Japan","JP",76,1987,8,NA
"JP","JPN","Japan","JP",78,1988,8,NA
"JP","JPN","Japan","JP",85,1989,10,NA
"JP","JPN","Japan","JP",49,1990,6,NA
"JP","JPN","Japan","JP",100,1991,10,NA
"JP","JPN","Japan","JP",174,1992,13,NA
"JP","JPN","Japan","JP",204,1993,18,NA
"JP","JPN","Japan","JP",335,1994,29,NA
"JP","JPN","Japan","JP",220,1995,19,NA
"JP","JPN","Japan","JP",364,1996,31,NA
"JP","JPN","Japan","JP",408,1997,32,NA
"JP","JPN","Japan","JP",590,1998,53,NA
"JP","JPN","Japan","JP",505,1999,47,NA
"JP","JPN","Japan","JP",628,2000,53,NA
"JP","JPN","Japan","JP",680,2001,61,NA
"JP","JPN","Japan","JP",782,2002,69,NA
"JP","JPN","Japan","JP",1026,2003,85,NA
"JP","JPN","Japan","JP",797,2004,71,NA
"JP","JPN","Japan","JP",888,2005,91,NA
"JP","JPN","Japan","JP",1039,2006,100,NA
"JP","JPN","Japan","JP",1055,2007,98,NA
"JP","JPN","Japan","JP",618,2008,61,NA
"JP","JPN","Japan","JP",762,2009,66,NA
"JP","JPN","Japan","JP",465,2010,39,NA
"JP","JPN","Japan","JP",347,2011,30,NA
"JP","JPN","Japan","JP",106,2012,9,NA
"JP","JPN","Japan","JP",130,2013,11,NA
"JP","JPN","Japan","JP",51,2014,5,NA
"JP","JPN","Japan","JP",38,2015,3,NA
"KR","KIR","Kiribati","KI",11,1967,1,NA
"KR","KIR","Kiribati","KI",7,1995,1,NA
"KR","KIR","Kiribati","KI",19,2001,2,NA
"KR","KIR","Kiribati","KI",5,2002,1,NA
"KR","KIR","Kiribati","KI",33,2006,5,NA
"KR","KIR","Kiribati","KI",4,2007,1,NA
"KR","KIR","Kiribati","KI",6,2008,1,NA
"KR","KIR","Kiribati","KI",30,2009,3,NA
"KR","KIR","Kiribati","KI",19,2010,2,NA
"KR","KIR","Kiribati","KI",31,2012,5,NA
"LI","LBR","Liberia","LR",36,1997,3,NA
"LT","LSO","Lesotho","LS",9,1989,1,NA
"LT","LSO","Lesotho","LS",11,1990,1,NA
"LT","LSO","Lesotho","LS",22,1991,2,NA
"LT","LSO","Lesotho","LS",31,1992,2,NA
"LT","LSO","Lesotho","LS",21,1993,2,NA
"LT","LSO","Lesotho","LS",113,1994,8,NA
"LT","LSO","Lesotho","LS",40,1995,3,NA
"LT","LSO","Lesotho","LS",75,1996,6,NA
"LT","LSO","Lesotho","LS",54,1997,5,NA
"LT","LSO","Lesotho","LS",44,1998,4,NA
"LT","LSO","Lesotho","LS",41,1999,4,NA
"LT","LSO","Lesotho","LS",40,2000,4,NA
"LT","LSO","Lesotho","LS",37,2001,3,NA
"LT","LSO","Lesotho","LS",90,2002,9,NA
"LT","LSO","Lesotho","LS",74,2003,4,NA
"LT","LSO","Lesotho","LS",84,2004,7,NA
"LT","LSO","Lesotho","LS",65,2005,6,NA
"LT","LSO","Lesotho","LS",123,2006,11,NA
"LT","LSO","Lesotho","LS",96,2007,6,NA
"LT","LSO","Lesotho","LS",69,2008,6,NA
"LT","LSO","Lesotho","LS",57,2009,5,NA
"LT","LSO","Lesotho","LS",53,2010,4,NA
"LT","LSO","Lesotho","LS",10,2011,1,NA
"LU","LUX","Luxembourg","LU",7,1996,1,NA
"LV","LVA","Latvia","LV",10,1984,1,NA
"LV","LVA","Latvia","LV",9,1988,1,NA
"LV","LVA","Latvia","LV",13,1995,1,NA
"LV","LVA","Latvia","LV",26,1996,2,NA
"LV","LVA","Latvia","LV",46,1997,4,NA
"LV","LVA","Latvia","LV",23,1998,2,NA
"LV","LVA","Latvia","LV",25,2000,2,NA
"LV","LVA","Latvia","LV",25,2001,2,NA
"LV","LVA","Latvia","LV",27,2002,2,NA
"LV","LVA","Latvia","LV",27,2003,2,NA
"LV","LVA","Latvia","LV",9,2004,1,NA
"LV","LVA","Latvia","LV",10,2005,1,NA
"LV","LVA","Latvia","LV",41,2006,3,NA
"LV","LVA","Latvia","LV",21,2007,2,NA
"LV","LVA","Latvia","LV",13,2009,1,NA
"LV","LVA","Latvia","LV",37,2010,2,NA
"LV","LVA","Latvia","LV",10,2011,1,NA
"LV","LVA","Latvia","LV",13,2012,1,NA
"MK","MKD","Macedonia, the former Yugoslav Republic of","MK",12,1994,1,NA
"MK","MKD","Macedonia, the former Yugoslav Republic of","MK",10,2009,1,NA
"ML","MLI","Mali","ML",9,1995,1,NA
"MX","MEX","Mexico","MX",12,1969,1,NA
"MX","MEX","Mexico","MX",12,1970,1,NA
"MX","MEX","Mexico","MX",23,1972,2,NA
"MX","MEX","Mexico","MX",10,1973,1,NA
"MX","MEX","Mexico","MX",12,1974,1,NA
"MX","MEX","Mexico","MX",12,1975,1,NA
"MX","MEX","Mexico","MX",12,1976,1,NA
"MX","MEX","Mexico","MX",10,1977,1,NA
"MX","MEX","Mexico","MX",12,1978,1,NA
"MX","MEX","Mexico","MX",20,1979,2,NA
"MX","MEX","Mexico","MX",17,1980,2,NA
"MX","MEX","Mexico","MX",12,1981,1,NA
"MX","MEX","Mexico","MX",11,1983,1,NA
"MX","MEX","Mexico","MX",24,1985,3,NA
"MX","MEX","Mexico","MX",9,1986,1,NA
"MX","MEX","Mexico","MX",20,1987,2,NA
"MX","MEX","Mexico","MX",32,1988,3,NA
"MX","MEX","Mexico","MX",84,1990,8,NA
"MX","MEX","Mexico","MX",54,1991,5,NA
"MX","MEX","Mexico","MX",124,1992,10,NA
"MX","MEX","Mexico","MX",120,1993,11,NA
"MX","MEX","Mexico","MX",161,1994,12,NA
"MX","MEX","Mexico","MX",60,1995,5,NA
"MX","MEX","Mexico","MX",119,1996,11,NA
"MX","MEX","Mexico","MX",118,1997,9,NA
"MX","MEX","Mexico","MX",68,1998,6,NA
"MX","MEX","Mexico","MX",89,1999,7,NA
"MX","MEX","Mexico","MX",85,2000,7,NA
"MX","MEX","Mexico","MX",98,2001,8,NA
"MX","MEX","Mexico","MX",153,2002,12,NA
"MX","MEX","Mexico","MX",102,2003,9,NA
"MX","MEX","Mexico","MX",132,2004,9,NA
"MX","MEX","Mexico","MX",228,2005,19,NA
"MX","MEX","Mexico","MX",191,2006,16,NA
"MX","MEX","Mexico","MX",264,2007,20,NA
"MX","MEX","Mexico","MX",236,2008,19,NA
"MX","MEX","Mexico","MX",161,2009,12,NA
"MX","MEX","Mexico","MX",128,2010,11,NA
"MX","MEX","Mexico","MX",18,2011,2,NA
"MX","MEX","Mexico","MX",54,2012,4,NA
"MX","MEX","Mexico","MX",5,2013,1,NA
"MX","MEX","Mexico","MX",12,2015,1,NA
"MY","MYS","Malaysia","MY",6,1991,1,NA
"MY","MYS","Malaysia","MY",12,1997,1,NA
"MY","MYS","Malaysia","MY",13,1999,1,NA
"MY","MYS","Malaysia","MY",10,2000,1,NA
"MY","MYS","Malaysia","MY",17,2002,1,NA
"MY","MYS","Malaysia","MY",10,2005,1,NA
"MY","MYS","Malaysia","MY",5,2008,1,NA
"MY","MYS","Malaysia","MY",11,2010,1,NA
"MY","MYS","Malaysia","MY",21,2012,2,NA
"NG","NGA","Nigeria","NG",1,1981,1,NA
"NG","NGA","Nigeria","NG",15,2013,1,NA
"NL","NLD","Netherlands","NL",10,1959,1,NA
"NL","NLD","Netherlands","NL",12,1960,1,NA
"NL","NLD","Netherlands","NL",15,1961,1,NA
"NL","NLD","Netherlands","NL",30,1963,5,NA
"NL","NLD","Netherlands","NL",12,1965,1,NA
"NL","NLD","Netherlands","NL",12,1966,1,NA
"NL","NLD","Netherlands","NL",14,1967,1,NA
"NL","NLD","Netherlands","NL",42,1968,3,NA
"NL","NLD","Netherlands","NL",32,1969,3,NA
"NL","NLD","Netherlands","NL",47,1970,4,NA
"NL","NLD","Netherlands","NL",7,1971,1,NA
"NL","NLD","Netherlands","NL",62,1972,4,NA
"NL","NLD","Netherlands","NL",91,1973,8,NA
"NL","NLD","Netherlands","NL",20,1974,2,NA
"NL","NLD","Netherlands","NL",133,1975,13,NA
"NL","NLD","Netherlands","NL",55,1976,6,NA
"NL","NLD","Netherlands","NL",80,1977,7,NA
"NL","NLD","Netherlands","NL",20,1978,2,NA
"NL","NLD","Netherlands","NL",48,1979,4,NA
"NL","NLD","Netherlands","NL",143,1980,13,NA
"NL","NLD","Netherlands","NL",66,1981,6,NA
"NL","NLD","Netherlands","NL",108,1982,10,NA
"NL","NLD","Netherlands","NL",100,1983,10,NA
"NL","NLD","Netherlands","NL",54,1984,4,NA
"NL","NLD","Netherlands","NL",63,1985,5,NA
"NL","NLD","Netherlands","NL",56,1986,6,NA
"NL","NLD","Netherlands","NL",125,1987,11,NA
"NL","NLD","Netherlands","NL",78,1988,6,NA
"NL","NLD","Netherlands","NL",81,1989,7,NA
"NL","NLD","Netherlands","NL",97,1990,8,NA
"NL","NLD","Netherlands","NL",60,1991,5,NA
"NL","NLD","Netherlands","NL",143,1992,11,NA
"NL","NLD","Netherlands","NL",172,1993,14,NA
"NL","NLD","Netherlands","NL",263,1994,17,NA
"NL","NLD","Netherlands","NL",331,1995,22,NA
"NL","NLD","Netherlands","NL",297,1996,23,NA
"NL","NLD","Netherlands","NL",248,1997,21,NA
"NL","NLD","Netherlands","NL",221,1998,19,NA
"NL","NLD","Netherlands","NL",244,1999,20,NA
"NL","NLD","Netherlands","NL",400,2000,31,NA
"NL","NLD","Netherlands","NL",351,2001,25,NA
"NL","NLD","Netherlands","NL",415,2002,31,NA
"NL","NLD","Netherlands","NL",440,2003,31,NA
"NL","NLD","Netherlands","NL",295,2004,27,NA
"NL","NLD","Netherlands","NL",277,2005,21,NA
"NL","NLD","Netherlands","NL",383,2006,28,NA
"NL","NLD","Netherlands","NL",367,2007,24,NA
"NL","NLD","Netherlands","NL",318,2008,26,NA
"NL","NLD","Netherlands","NL",186,2009,17,NA
"NL","NLD","Netherlands","NL",97,2010,8,NA
"NL","NLD","Netherlands","NL",131,2011,11,NA
"NL","NLD","Netherlands","NL",50,2012,4,NA
"NL","NLD","Netherlands","NL",40,2013,3,NA
"NL","NLD","Netherlands","NL",18,2014,2,NA
"NL","NLD","Netherlands","NL",26,2015,2,NA
"NO","NOR","Norway","NO",14,1981,1,NA
"NO","NOR","Norway","NO",10,1985,1,NA
"NO","NOR","Norway","NO",26,1986,2,NA
"NO","NOR","Norway","NO",39,1987,3,NA
"NO","NOR","Norway","NO",22,1989,1,NA
"NO","NOR","Norway","NO",49,1990,4,NA
"NO","NOR","Norway","NO",44,1991,4,NA
"NO","NOR","Norway","NO",41,1992,4,NA
"NO","NOR","Norway","NO",93,1993,11,NA
"NO","NOR","Norway","NO",96,1994,11,NA
"NO","NOR","Norway","NO",176,1995,16,NA
"NO","NOR","Norway","NO",187,1996,20,NA
"NO","NOR","Norway","NO",190,1997,18,NA
"NO","NOR","Norway","NO",150,1998,14,NA
"NO","NOR","Norway","NO",172,1999,16,NA
"NO","NOR","Norway","NO",132,2000,13,NA
"NO","NOR","Norway","NO",207,2001,19,NA
"NO","NOR","Norway","NO",186,2002,16,NA
"NO","NOR","Norway","NO",131,2003,11,NA
"NO","NOR","Norway","NO",243,2004,23,NA
"NO","NOR","Norway","NO",163,2005,18,NA
"NO","NOR","Norway","NO",199,2006,17,NA
"NO","NOR","Norway","NO",233,2007,21,NA
"NO","NOR","Norway","NO",251,2008,23,NA
"NO","NOR","Norway","NO",120,2009,11,NA
"NO","NOR","Norway","NO",53,2010,5,NA
"NO","NOR","Norway","NO",86,2011,9,NA
"NO","NOR","Norway","NO",44,2012,5,NA
"NO","NOR","Norway","NO",26,2013,2,NA
"NO","NOR","Norway","NO",8,2014,1,NA
"NO","NOR","Norway","NO",12,2015,1,NA
"NZ","NZL","New Zealand","NZ",4,1963,1,NA
"NZ","NZL","New Zealand","NZ",16,1965,2,NA
"NZ","NZL","New Zealand","NZ",14,1971,1,NA
"NZ","NZL","New Zealand","NZ",10,1975,1,NA
"NZ","NZL","New Zealand","NZ",5,1981,1,NA
"NZ","NZL","New Zealand","NZ",12,1985,1,NA
"NZ","NZL","New Zealand","NZ",12,1988,1,NA
"NZ","NZL","New Zealand","NZ",17,1992,1,NA
"NZ","NZL","New Zealand","NZ",8,1994,1,NA
"NZ","NZL","New Zealand","NZ",22,1995,2,NA
"NZ","NZL","New Zealand","NZ",11,1997,1,NA
"NZ","NZL","New Zealand","NZ",25,1998,2,NA
"NZ","NZL","New Zealand","NZ",24,1999,2,NA
"NZ","NZL","New Zealand","NZ",83,2001,7,NA
"NZ","NZL","New Zealand","NZ",96,2002,5,NA
"NZ","NZL","New Zealand","NZ",85,2003,8,NA
"NZ","NZL","New Zealand","NZ",113,2004,9,NA
"NZ","NZL","New Zealand","NZ",65,2005,6,NA
"NZ","NZL","New Zealand","NZ",63,2006,4,NA
"NZ","NZL","New Zealand","NZ",34,2007,3,NA
"NZ","NZL","New Zealand","NZ",24,2008,3,NA
"NZ","NZL","New Zealand","NZ",62,2009,6,NA
"NZ","NZL","New Zealand","NZ",6,2010,1,NA
"NZ","NZL","New Zealand","NZ",46,2011,4,NA
"PE","PER","Peru","PE",12,1993,1,NA
"PE","PER","Peru","PE",12,1994,1,NA
"PE","PER","Peru","PE",16,1997,1,NA
"PE","PER","Peru","PE",12,1998,1,NA
"PE","PER","Peru","PE",22,1999,2,NA
"PE","PER","Peru","PE",12,2000,1,NA
"PE","PER","Peru","PE",14,2002,1,NA
"PE","PER","Peru","PE",12,2003,1,NA
"PE","PER","Peru","PE",19,2004,1,NA
"PE","PER","Peru","PE",13,2007,1,NA
"PE","PER","Peru","PE",10,2009,1,NA
"PH","PHL","Philippines","PH",12,1993,1,NA
"PH","PHL","Philippines","PH",28,1994,2,NA
"PH","PHL","Philippines","PH",17,1995,1,NA
"PH","PHL","Philippines","PH",26,1996,2,NA
"PH","PHL","Philippines","PH",84,1997,6,NA
"PH","PHL","Philippines","PH",38,1999,2,NA
"PH","PHL","Philippines","PH",25,2000,2,NA
"PH","PHL","Philippines","PH",33,2001,2,NA
"PH","PHL","Philippines","PH",14,2002,1,NA
"PH","PHL","Philippines","PH",11,2003,1,NA
"PH","PHL","Philippines","PH",38,2004,3,NA
"PH","PHL","Philippines","PH",117,2005,9,NA
"PH","PHL","Philippines","PH",77,2006,6,NA
"PH","PHL","Philippines","PH",22,2007,2,NA
"PH","PHL","Philippines","PH",28,2008,2,NA
"PH","PHL","Philippines","PH",10,2009,1,NA
"PH","PHL","Philippines","PH",12,2010,1,NA
"PK","PAK","Pakistan","PK",12,2008,1,NA
"PL","POL","Poland","PL",10,1970,1,NA
"PL","POL","Poland","PL",26,1971,2,NA
"PL","POL","Poland","PL",8,1972,1,NA
"PL","POL","Poland","PL",10,1974,1,NA
"PL","POL","Poland","PL",6,1976,1,NA
"PL","POL","Poland","PL",34,1979,2,NA
"PL","POL","Poland","PL",40,1980,3,NA
"PL","POL","Poland","PL",77,1981,4,NA
"PL","POL","Poland","PL",26,1982,2,NA
"PL","POL","Poland","PL",42,1983,5,NA
"PL","POL","Poland","PL",86,1984,6,NA
"PL","POL","Poland","PL",36,1985,4,NA
"PL","POL","Poland","PL",61,1986,6,NA
"PL","POL","Poland","PL",60,1987,4,NA
"PL","POL","Poland","PL",40,1988,3,NA
"PL","POL","Poland","PL",112,1989,10,NA
"PL","POL","Poland","PL",126,1990,10,NA
"PL","POL","Poland","PL",156,1991,12,NA
"PL","POL","Poland","PL",187,1992,13,NA
"PL","POL","Poland","PL",189,1993,16,NA
"PL","POL","Poland","PL",281,1994,21,NA
"PL","POL","Poland","PL",284,1995,22,NA
"PL","POL","Poland","PL",348,1996,26,NA
"PL","POL","Poland","PL",250,1997,20,NA
"PL","POL","Poland","PL",375,1998,29,NA
"PL","POL","Poland","PL",331,1999,26,NA
"PL","POL","Poland","PL",329,2000,23,NA
"PL","POL","Poland","PL",307,2001,23,NA
"PL","POL","Poland","PL",382,2002,29,NA
"PL","POL","Poland","PL",401,2003,27,NA
"PL","POL","Poland","PL",419,2004,30,NA
"PL","POL","Poland","PL",460,2005,36,NA
"PL","POL","Poland","PL",242,2006,19,NA
"PL","POL","Poland","PL",357,2007,28,NA
"PL","POL","Poland","PL",376,2008,31,NA
"PL","POL","Poland","PL",382,2009,27,NA
"PL","POL","Poland","PL",280,2010,20,NA
"PL","POL","Poland","PL",213,2011,14,NA
"PL","POL","Poland","PL",90,2012,7,NA
"PL","POL","Poland","PL",13,2014,1,NA
"PR","PRI","Puerto Rico","PR",11,1995,1,NA
"PR","PRI","Puerto Rico","PR",12,1998,1,NA
"PR","PRI","Puerto Rico","PR",13,1999,1,NA
"PR","PRI","Puerto Rico","PR",21,2000,2,NA
"PR","PRI","Puerto Rico","PR",28,2002,2,NA
"PR","PRI","Puerto Rico","PR",19,2004,1,NA
"PR","PRI","Puerto Rico","PR",53,2005,4,NA
"PR","PRI","Puerto Rico","PR",28,2007,2,NA
"PR","PRI","Puerto Rico","PR",10,2008,1,NA
"PR","PRI","Puerto Rico","PR",14,2009,1,NA
"PR","PRI","Puerto Rico","PR",12,2010,1,NA
"PT","PRT","Portugal","PT",11,1970,1,NA
"PT","PRT","Portugal","PT",10,1972,1,NA
"PT","PRT","Portugal","PT",11,1974,1,NA
"PT","PRT","Portugal","PT",11,1976,1,NA
"PT","PRT","Portugal","PT",10,1978,1,NA
"PT","PRT","Portugal","PT",10,1979,1,NA
"PT","PRT","Portugal","PT",11,1981,1,NA
"PT","PRT","Portugal","PT",14,1982,1,NA
"PT","PRT","Portugal","PT",12,1983,1,NA
"PT","PRT","Portugal","PT",18,1985,2,NA
"PT","PRT","Portugal","PT",11,1986,1,NA
"PT","PRT","Portugal","PT",23,1987,2,NA
"PT","PRT","Portugal","PT",12,1988,1,NA
"PT","PRT","Portugal","PT",10,1989,1,NA
"PT","PRT","Portugal","PT",24,1990,2,NA
"PT","PRT","Portugal","PT",115,1992,7,NA
"PT","PRT","Portugal","PT",30,1993,3,NA
"PT","PRT","Portugal","PT",32,1994,2,NA
"PT","PRT","Portugal","PT",26,1995,2,NA
"PT","PRT","Portugal","PT",77,1996,5,NA
"PT","PRT","Portugal","PT",66,1997,5,NA
"PT","PRT","Portugal","PT",111,1998,8,NA
"PT","PRT","Portugal","PT",61,1999,6,NA
"PT","PRT","Portugal","PT",77,2000,5,NA
"PT","PRT","Portugal","PT",60,2001,5,NA
"PT","PRT","Portugal","PT",55,2002,4,NA
"PT","PRT","Portugal","PT",143,2003,11,NA
"PT","PRT","Portugal","PT",116,2004,9,NA
"PT","PRT","Portugal","PT",118,2005,9,NA
"PT","PRT","Portugal","PT",69,2006,6,NA
"PT","PRT","Portugal","PT",191,2007,16,NA
"PT","PRT","Portugal","PT",191,2008,10,NA
"PT","PRT","Portugal","PT",170,2009,13,NA
"PT","PRT","Portugal","PT",106,2010,8,NA
"PT","PRT","Portugal","PT",90,2011,6,NA
"PT","PRT","Portugal","PT",17,2012,1,NA
"PT","PRT","Portugal","PT",9,2013,1,NA
"RE","REU","Reunion","RE",11,1990,1,NA
"RE","REU","Reunion","RE",10,1992,1,NA
"RE","REU","Reunion","RE",9,1995,1,NA
"RE","REU","Reunion","RE",16,2007,1,NA
"RO","ROU","Romania","RO",13,1995,1,NA
"RO","ROU","Romania","RO",19,1996,2,NA
"RO","ROU","Romania","RO",23,1997,2,NA
"RO","ROU","Romania","RO",5,1998,1,NA
"RO","ROU","Romania","RO",44,1999,4,NA
"RO","ROU","Romania","RO",34,2000,3,NA
"RO","ROU","Romania","RO",29,2001,2,NA
"RO","ROU","Romania","RO",66,2002,5,NA
"RO","ROU","Romania","RO",42,2003,3,NA
"RO","ROU","Romania","RO",94,2004,7,NA
"RO","ROU","Romania","RO",68,2005,5,NA
"RO","ROU","Romania","RO",65,2006,4,NA
"RO","ROU","Romania","RO",25,2007,2,NA
"RO","ROU","Romania","RO",43,2008,4,NA
"RO","ROU","Romania","RO",70,2009,4,NA
"RO","ROU","Romania","RO",9,2010,1,NA
"RO","ROU","Romania","RO",23,2011,2,NA
"RO","ROU","Romania","RO",14,2015,1,NA
"RS","SRB","Serbia","RS",16,1997,1,NA
"RS","SRB","Serbia","RS",16,1999,1,NA
"RS","SRB","Serbia","RS",11,2002,1,NA
"RS","SRB","Serbia","RS",16,2003,1,NA
"RS","SRB","Serbia","RS",12,2004,1,NA
"RS","SRB","Serbia","RS",4,2005,1,NA
"RS","SRB","Serbia","RS",10,2006,2,NA
"RS","SRB","Serbia","RS",11,2007,1,NA
"RS","SRB","Serbia","RS",7,2008,1,NA
"RS","SRB","Serbia","RS",15,2009,1,NA
"RS","SRB","Serbia","RS",7,2012,1,NA
"RS","SRB","Serbia","RS",11,2013,1,NA
"RU","RUS","Russia","RU",12,1969,1,NA
"RU","RUS","Russia","RU",10,1978,1,NA
"RU","RUS","Russia","RU",10,1980,1,NA
"RU","RUS","Russia","RU",8,1987,1,NA
"RU","RUS","Russia","RU",8,1996,1,NA
"RU","RUS","Russia","RU",45,1997,4,NA
"RU","RUS","Russia","RU",42,1998,4,NA
"RU","RUS","Russia","RU",117,1999,11,NA
"RU","RUS","Russia","RU",65,2000,6,NA
"RU","RUS","Russia","RU",99,2001,8,NA
"RU","RUS","Russia","RU",149,2002,12,NA
"RU","RUS","Russia","RU",165,2003,14,NA
"RU","RUS","Russia","RU",283,2004,25,NA
"RU","RUS","Russia","RU",194,2005,16,NA
"RU","RUS","Russia","RU",245,2006,23,NA
"RU","RUS","Russia","RU",420,2007,34,NA
"RU","RUS","Russia","RU",187,2008,16,NA
"RU","RUS","Russia","RU",308,2009,27,NA
"RU","RUS","Russia","RU",212,2010,16,NA
"RU","RUS","Russia","RU",61,2011,6,NA
"RU","RUS","Russia","RU",80,2012,6,NA
"RU","RUS","Russia","RU",22,2013,2,NA
"RU","RUS","Russia","RU",24,2014,3,NA
"SA","SAU","Saudi Arabia","SA",16,1997,1,NA
"SE","SYC","Seychelles","SC",10,1958,1,NA
"SE","SYC","Seychelles","SC",28,1970,3,NA
"SE","SYC","Seychelles","SC",54,1971,3,NA
"SE","SYC","Seychelles","SC",79,1972,6,NA
"SE","SYC","Seychelles","SC",27,1973,3,NA
"SE","SYC","Seychelles","SC",50,1974,5,NA
"SE","SYC","Seychelles","SC",53,1975,5,NA
"SE","SYC","Seychelles","SC",41,1976,3,NA
"SE","SYC","Seychelles","SC",41,1977,4,NA
"SE","SYC","Seychelles","SC",30,1978,3,NA
"SE","SYC","Seychelles","SC",87,1979,8,NA
"SE","SYC","Seychelles","SC",72,1980,6,NA
"SE","SYC","Seychelles","SC",35,1981,3,NA
"SE","SYC","Seychelles","SC",54,1982,4,NA
"SE","SYC","Seychelles","SC",61,1983,5,NA
"SE","SYC","Seychelles","SC",84,1984,8,NA
"SE","SYC","Seychelles","SC",66,1985,3,NA
"SE","SYC","Seychelles","SC",68,1986,6,NA
"SE","SYC","Seychelles","SC",123,1987,10,NA
"SE","SYC","Seychelles","SC",94,1988,8,NA
"SE","SYC","Seychelles","SC",145,1989,13,NA
"SE","SYC","Seychelles","SC",96,1990,8,NA
"SE","SYC","Seychelles","SC",119,1991,11,NA
"SE","SYC","Seychelles","SC",166,1992,14,NA
"SE","SYC","Seychelles","SC",285,1993,26,NA
"SE","SYC","Seychelles","SC",421,1994,38,NA
"SE","SYC","Seychelles","SC",496,1995,47,NA
"SE","SYC","Seychelles","SC",425,1996,36,NA
"SE","SYC","Seychelles","SC",414,1997,37,NA
"SE","SYC","Seychelles","SC",524,1998,46,NA
"SE","SYC","Seychelles","SC",446,1999,39,NA
"SE","SYC","Seychelles","SC",462,2000,43,NA
"SE","SYC","Seychelles","SC",540,2001,47,NA
"SE","SYC","Seychelles","SC",669,2002,63,NA
"SE","SYC","Seychelles","SC",809,2003,69,NA
"SE","SYC","Seychelles","SC",926,2004,76,NA
"SE","SYC","Seychelles","SC",772,2005,72,NA
"SE","SYC","Seychelles","SC",732,2006,68,NA
"SE","SYC","Seychelles","SC",767,2007,68,NA
"SE","SYC","Seychelles","SC",593,2008,52,NA
"SE","SYC","Seychelles","SC",598,2009,50,NA
"SE","SYC","Seychelles","SC",394,2010,37,NA
"SE","SYC","Seychelles","SC",280,2011,25,NA
"SE","SYC","Seychelles","SC",73,2012,7,NA
"SE","SYC","Seychelles","SC",33,2013,3,NA
"SE","SYC","Seychelles","SC",44,2014,4,NA
"SG","SEN","Senegal","SN",8,1999,1,NA
"SG","SEN","Senegal","SN",28,2001,2,NA
"SG","SEN","Senegal","SN",11,2003,1,NA
"SG","SEN","Senegal","SN",5,2007,1,NA
"SG","SEN","Senegal","SN",11,2009,1,NA
"SG","SEN","Senegal","SN",9,2010,1,NA
"SI","SVN","Slovenia","SI",9,1991,1,NA
"SI","SVN","Slovenia","SI",9,1992,1,NA
"SI","SVN","Slovenia","SI",12,1993,1,NA
"SI","SVN","Slovenia","SI",32,1994,3,NA
"SI","SVN","Slovenia","SI",11,1995,1,NA
"SI","SVN","Slovenia","SI",23,1996,2,NA
"SI","SVN","Slovenia","SI",12,1997,1,NA
"SI","SVN","Slovenia","SI",14,1999,1,NA
"SI","SVN","Slovenia","SI",28,2000,2,NA
"SI","SVN","Slovenia","SI",32,2001,3,NA
"SI","SVN","Slovenia","SI",35,2004,3,NA
"SI","SVN","Slovenia","SI",13,2005,1,NA
"SI","SVN","Slovenia","SI",30,2006,2,NA
"SI","SVN","Slovenia","SI",29,2007,1,NA
"SI","SVN","Slovenia","SI",14,2008,1,NA
"SI","SVN","Slovenia","SI",12,2009,1,NA
"SI","SVN","Slovenia","SI",9,2010,1,NA
"SK","SVK","Slovakia","SK",28,1994,2,NA
"SK","SVK","Slovakia","SK",12,1996,1,NA
"SK","SVK","Slovakia","SK",28,1997,2,NA
"SK","SVK","Slovakia","SK",23,1999,2,NA
"SK","SVK","Slovakia","SK",46,2000,3,NA
"SK","SVK","Slovakia","SK",13,2001,1,NA
"SK","SVK","Slovakia","SK",39,2002,3,NA
"SK","SVK","Slovakia","SK",41,2003,3,NA
"SK","SVK","Slovakia","SK",37,2004,3,NA
"SK","SVK","Slovakia","SK",27,2005,2,NA
"SK","SVK","Slovakia","SK",10,2006,1,NA
"SK","SVK","Slovakia","SK",73,2007,6,NA
"SK","SVK","Slovakia","SK",11,2009,1,NA
"SK","SVK","Slovakia","SK",40,2010,3,NA
"SU","SDN","Sudan","SD",9,1986,1,NA
"SU","SDN","Sudan","SD",9,1989,1,NA
"SU","SDN","Sudan","SD",9,1990,1,NA
"TH","THA","Thailand","TH",9,2004,1,NA
"TR","TUR","Turkey","TR",8,1974,1,NA
"TR","TUR","Turkey","TR",10,1977,1,NA
"TR","TUR","Turkey","TR",21,1978,1,NA
"TR","TUR","Turkey","TR",10,1980,1,NA
"TR","TUR","Turkey","TR",10,1981,1,NA
"TR","TUR","Turkey","TR",18,1982,2,NA
"TR","TUR","Turkey","TR",11,1984,1,NA
"TR","TUR","Turkey","TR",24,1986,2,NA
"TR","TUR","Turkey","TR",12,1988,1,NA
"TR","TUR","Turkey","TR",26,1989,2,NA
"TR","TUR","Turkey","TR",11,1990,1,NA
"TR","TUR","Turkey","TR",10,1991,1,NA
"TR","TUR","Turkey","TR",23,1992,2,NA
"TR","TUR","Turkey","TR",55,1993,4,NA
"TR","TUR","Turkey","TR",47,1994,4,NA
"TR","TUR","Turkey","TR",43,1995,4,NA
"TR","TUR","Turkey","TR",54,1996,5,NA
"TR","TUR","Turkey","TR",44,1997,4,NA
"TR","TUR","Turkey","TR",75,1998,6,NA
"TR","TUR","Turkey","TR",68,1999,6,NA
"TR","TUR","Turkey","TR",71,2000,6,NA
"TR","TUR","Turkey","TR",90,2001,8,NA
"TR","TUR","Turkey","TR",119,2002,10,NA
"TR","TUR","Turkey","TR",98,2003,9,NA
"TR","TUR","Turkey","TR",179,2004,15,NA
"TR","TUR","Turkey","TR",66,2005,6,NA
"TR","TUR","Turkey","TR",210,2006,20,NA
"TR","TUR","Turkey","TR",117,2007,8,NA
"TR","TUR","Turkey","TR",119,2008,10,NA
"TR","TUR","Turkey","TR",178,2009,14,NA
"TR","TUR","Turkey","TR",44,2010,4,NA
"TR","TUR","Turkey","TR",58,2011,5,NA
"TR","TUR","Turkey","TR",15,2012,1,NA
"TR","TUR","Turkey","TR",12,2013,1,NA
"TW","TWN","Taiwan","TW",10,1998,1,NA
"TW","TWN","Taiwan","TW",10,2000,1,NA
"TW","TWN","Taiwan","TW",30,2002,1,NA
"TW","TWN","Taiwan","TW",20,2003,2,NA
"TW","TWN","Taiwan","TW",3,2005,1,NA
"TW","TWN","Taiwan","TW",25,2006,2,NA
"TW","TWN","Taiwan","TW",38,2007,3,NA
"TW","TWN","Taiwan","TW",16,2009,2,NA
"TW","TWN","Taiwan","TW",10,2010,1,NA
"TW","TWN","Taiwan","TW",56,2011,4,NA
"TZ","TZA","Tanzania, United Republic of","TZ",8,2008,1,NA
"TZ","TZA","Tanzania, United Republic of","TZ",20,2014,2,NA
"UA","UKR","Ukraine","UA",14,1997,2,NA
"UA","UKR","Ukraine","UA",20,1999,2,NA
"UA","UKR","Ukraine","UA",15,2002,1,NA
"UA","UKR","Ukraine","UA",11,2004,1,NA
"UA","UKR","Ukraine","UA",13,2005,1,NA
"UA","UKR","Ukraine","UA",11,2006,1,NA
"UA","UKR","Ukraine","UA",10,2008,1,NA
"UA","UKR","Ukraine","UA",21,2009,2,NA
"UA","UKR","Ukraine","UA",29,2010,2,NA
"UA","UKR","Ukraine","UA",28,2011,2,NA
"UA","UKR","Ukraine","UA",1,2012,1,NA
"UM","UMI","United States Minor Outlying Islands","UM",12,2006,1,NA
"US","USA","United States Of America","US",14,1928,1,NA
"US","USA","United States Of America","US",2,1935,1,NA
"US","USA","United States Of America","US",18,1946,1,NA
"US","USA","United States Of America","US",36,1949,2,NA
"US","USA","United States Of America","US",8,1950,1,NA
"US","USA","United States Of America","US",3,1951,1,NA
"US","USA","United States Of America","US",8,1952,1,NA
"US","USA","United States Of America","US",55,1953,4,NA
"US","USA","United States Of America","US",111,1954,9,NA
"US","USA","United States Of America","US",104,1955,7,NA
"US","USA","United States Of America","US",513,1956,21,NA
"US","USA","United States Of America","US",347,1957,26,NA
"US","USA","United States Of America","US",354,1958,24,NA
"US","USA","United States Of America","US",462,1959,37,NA
"US","USA","United States Of America","US",441,1960,36,NA
"US","USA","United States Of America","US",682,1961,52,NA
"US","USA","United States Of America","US",860,1962,71,NA
"US","USA","United States Of America","US",528,1963,45,NA
"US","USA","United States Of America","US",758,1964,61,NA
"US","USA","United States Of America","US",1091,1965,91,NA
"US","USA","United States Of America","US",1197,1966,99,NA
"US","USA","United States Of America","US",1294,1967,110,NA
"US","USA","United States Of America","US",1625,1968,142,NA
"US","USA","United States Of America","US",1544,1969,135,NA
"US","USA","United States Of America","US",1859,1970,165,NA
"US","USA","United States Of America","US",1857,1971,166,NA
"US","USA","United States Of America","US",1833,1972,169,NA
"US","USA","United States Of America","US",1891,1973,171,NA
"US","USA","United States Of America","US",1758,1974,167,NA
"US","USA","United States Of America","US",1982,1975,188,NA
"US","USA","United States Of America","US",1934,1976,186,NA
"US","USA","United States Of America","US",1918,1977,176,NA
"US","USA","United States Of America","US",1954,1978,186,NA
"US","USA","United States Of America","US",1881,1979,178,NA
"US","USA","United States Of America","US",1911,1980,173,NA
"US","USA","United States Of America","US",2125,1981,201,NA
"US","USA","United States Of America","US",2310,1982,213,NA
"US","USA","United States Of America","US",2209,1983,209,NA
"US","USA","United States Of America","US",2384,1984,224,NA
"US","USA","United States Of America","US",2149,1985,205,NA
"US","USA","United States Of America","US",2672,1986,244,NA
"US","USA","United States Of America","US",3076,1987,274,NA
"US","USA","United States Of America","US",3741,1988,319,NA
"US","USA","United States Of America","US",4383,1989,371,NA
"US","USA","United States Of America","US",5096,1990,403,NA
"US","USA","United States Of America","US",6196,1991,469,NA
"US","USA","United States Of America","US",7142,1992,536,NA
"US","USA","United States Of America","US",7948,1993,577,NA
"US","USA","United States Of America","US",8342,1994,635,NA
"US","USA","United States Of America","US",8972,1995,690,NA
"US","USA","United States Of America","US",10765,1996,814,NA
"US","USA","United States Of America","US",11143,1997,842,NA
"US","USA","United States Of America","US",11686,1998,872,NA
"US","USA","United States Of America","US",11366,1999,886,NA
"US","USA","United States Of America","US",12268,2000,926,NA
"US","USA","United States Of America","US",12460,2001,982,NA
"US","USA","United States Of America","US",13349,2002,1060,NA
"US","USA","United States Of America","US",14985,2003,1161,NA
"US","USA","United States Of America","US",14798,2004,1171,NA
"US","USA","United States Of America","US",14724,2005,1184,NA
"US","USA","United States Of America","US",15393,2006,1238,NA
"US","USA","United States Of America","US",14881,2007,1204,NA
"US","USA","United States Of America","US",14079,2008,1174,NA
"US","USA","United States Of America","US",12212,2009,979,NA
"US","USA","United States Of America","US",10156,2010,854,NA
"US","USA","United States Of America","US",6366,2011,556,NA
"US","USA","United States Of America","US",4045,2012,349,NA
"US","USA","United States Of America","US",1370,2013,114,NA
"US","USA","United States Of America","US",678,2014,58,NA
"US","USA","United States Of America","US",576,2015,49,NA
"US","USA","United States Of America","US",30,2016,3,NA
"UY","URY","Uruguay","UY",6,1984,1,NA
"UY","URY","Uruguay","UY",12,1986,1,NA
"UY","URY","Uruguay","UY",12,1988,1,NA
"UY","URY","Uruguay","UY",10,1991,1,NA
"UY","URY","Uruguay","UY",18,1994,1,NA
"UY","URY","Uruguay","UY",15,1995,1,NA
"UY","URY","Uruguay","UY",18,1996,1,NA
"UY","URY","Uruguay","UY",12,1998,1,NA
"UY","URY","Uruguay","UY",12,1999,1,NA
"UY","URY","Uruguay","UY",14,2000,1,NA
"UY","URY","Uruguay","UY",12,2002,1,NA
"UY","URY","Uruguay","UY",10,2003,1,NA
"UY","URY","Uruguay","UY",48,2004,3,NA
"UY","URY","Uruguay","UY",12,2005,1,NA
"UY","URY","Uruguay","UY",38,2006,3,NA
"UY","URY","Uruguay","UY",11,2008,1,NA
"UY","URY","Uruguay","UY",12,2009,1,NA
"UY","URY","Uruguay","UY",13,2011,1,NA
"UY","URY","Uruguay","UY",12,2012,1,NA
"VE","VEN","Venezuela","VE",12,1964,1,NA
"VE","VEN","Venezuela","VE",9,1984,1,NA
"VE","VEN","Venezuela","VE",4,1986,1,NA
"VE","VEN","Venezuela","VE",10,1992,1,NA
"VE","VEN","Venezuela","VE",20,1995,1,NA
"VE","VEN","Venezuela","VE",12,1996,1,NA
"VE","VEN","Venezuela","VE",11,2002,1,NA
"VE","VEN","Venezuela","VE",14,2003,1,NA
"VE","VEN","Venezuela","VE",29,2004,2,NA
"VE","VEN","Venezuela","VE",10,2006,1,NA
"VE","VEN","Venezuela","VE",16,2007,1,NA
"VE","VEN","Venezuela","VE",12,2008,1,NA
"VE","VEN","Venezuela","VE",11,2010,1,NA
"VI","VIR","Virgin Islands, U.S.","VI",15,2001,1,NA
"VI","VIR","Virgin Islands, U.S.","VI",12,2003,1,NA
"VI","VIR","Virgin Islands, U.S.","VI",11,2008,1,NA
"VN","VNM","Vietnam","VN",10,2002,1,NA
"VN","VNM","Vietnam","VN",12,2004,1,NA
"VN","VNM","Vietnam","VN",11,2005,1,NA
"VN","VNM","Vietnam","VN",10,2009,1,NA
"VN","VNM","Vietnam","VN",12,2011,1,NA
"XC",NA,NA,NA,14,1969,1,NA
"XC",NA,NA,NA,12,1981,1,NA
"XC",NA,NA,NA,23,1982,2,NA
"XC",NA,NA,NA,11,1983,1,NA
"XC",NA,NA,NA,12,1984,1,NA
"XC",NA,NA,NA,32,1985,3,NA
"XC",NA,NA,NA,23,1986,2,NA
"XC",NA,NA,NA,31,1988,3,NA
"XC",NA,NA,NA,30,1989,2,NA
"XC",NA,NA,NA,34,1990,3,NA
"XC",NA,NA,NA,25,1991,2,NA
"XC",NA,NA,NA,60,1992,5,NA
"XE",NA,NA,NA,24,1959,1,NA
"XE",NA,NA,NA,11,1960,1,NA
"XE",NA,NA,NA,12,1961,1,NA
"XE",NA,NA,NA,36,1965,2,NA
"XE",NA,NA,NA,30,1966,2,NA
"XE",NA,NA,NA,31,1967,3,NA
"XE",NA,NA,NA,22,1969,2,NA
"XE",NA,NA,NA,22,1970,2,NA
"XE",NA,NA,NA,52,1971,5,NA
"XE",NA,NA,NA,22,1972,2,NA
"XE",NA,NA,NA,78,1973,6,NA
"XE",NA,NA,NA,21,1974,2,NA
"XE",NA,NA,NA,38,1975,4,NA
"XE",NA,NA,NA,44,1976,5,NA
"XE",NA,NA,NA,35,1977,3,NA
"XE",NA,NA,NA,17,1978,1,NA
"XE",NA,NA,NA,23,1979,2,NA
"XE",NA,NA,NA,55,1980,4,NA
"XE",NA,NA,NA,92,1981,8,NA
"XE",NA,NA,NA,42,1982,5,NA
"XE",NA,NA,NA,82,1983,7,NA
"XE",NA,NA,NA,51,1984,5,NA
"XE",NA,NA,NA,81,1985,8,NA
"XE",NA,NA,NA,93,1986,8,NA
"XE",NA,NA,NA,144,1987,11,NA
"XE",NA,NA,NA,233,1988,20,NA
"XE",NA,NA,NA,78,1989,7,NA
"XE",NA,NA,NA,174,1990,14,NA
"XE",NA,NA,NA,119,1991,11,NA
"XE",NA,NA,NA,204,1992,17,NA
"XE",NA,NA,NA,341,1993,24,NA
"XE",NA,NA,NA,252,1994,21,NA
"XE",NA,NA,NA,479,1995,32,NA
"XE",NA,NA,NA,388,1996,29,NA
"XE",NA,NA,NA,379,1997,27,NA
"XE",NA,NA,NA,282,1998,21,NA
"XE",NA,NA,NA,407,1999,28,NA
"XE",NA,NA,NA,379,2000,27,NA
"XE",NA,NA,NA,481,2001,37,NA
"XE",NA,NA,NA,435,2002,28,NA
"XE",NA,NA,NA,365,2003,29,NA
"XE",NA,NA,NA,399,2004,31,NA
"XE",NA,NA,NA,588,2005,44,NA
"XE",NA,NA,NA,372,2006,30,NA
"XE",NA,NA,NA,797,2007,65,NA
"XE",NA,NA,NA,694,2008,56,NA
"XE",NA,NA,NA,680,2009,54,NA
"XE",NA,NA,NA,481,2010,42,NA
"XE",NA,NA,NA,345,2011,28,NA
"XE",NA,NA,NA,173,2012,15,NA
"XE",NA,NA,NA,224,2013,17,NA
"XE",NA,NA,NA,78,2014,7,NA
"XE",NA,NA,NA,80,2015,8,NA
"XG",NA,NA,NA,9,1979,1,NA
"XG",NA,NA,NA,10,1980,1,NA
"XG",NA,NA,NA,18,1981,1,NA
"XG",NA,NA,NA,20,1982,2,NA
"XG",NA,NA,NA,11,1984,1,NA
"XG",NA,NA,NA,11,1989,1,NA
"XW",NA,NA,NA,12,1962,1,NA
"XW",NA,NA,NA,26,1967,1,NA
"XW",NA,NA,NA,20,1970,2,NA
"XW",NA,NA,NA,13,1972,1,NA
"XW",NA,NA,NA,46,1974,3,NA
"XW",NA,NA,NA,12,1977,1,NA
"XW",NA,NA,NA,23,1978,1,NA
"XW",NA,NA,NA,9,1981,1,NA
"XW",NA,NA,NA,14,1982,1,NA
"XW",NA,NA,NA,7,1984,1,NA
"XW",NA,NA,NA,8,1985,1,NA
"XW",NA,NA,NA,9,1986,1,NA
"XW",NA,NA,NA,63,1988,4,NA
"XW",NA,NA,NA,8,1989,1,NA
"XW",NA,NA,NA,19,1990,2,NA
"XW",NA,NA,NA,220,1991,1,NA
"XW",NA,NA,NA,12,1992,1,NA
"XW",NA,NA,NA,13,1993,1,NA
"XW",NA,NA,NA,86,1994,4,NA
"XW",NA,NA,NA,51,1995,4,NA
"XW",NA,NA,NA,36,1996,3,NA
"XW",NA,NA,NA,68,1997,4,NA
"XW",NA,NA,NA,55,1998,5,NA
"XW",NA,NA,NA,85,1999,8,NA
"XW",NA,NA,NA,68,2000,6,NA
"XW",NA,NA,NA,201,2001,15,NA
"XW",NA,NA,NA,149,2002,15,NA
"XW",NA,NA,NA,144,2003,14,NA
"XW",NA,NA,NA,309,2004,26,NA
"XW",NA,NA,NA,354,2005,31,NA
"XW",NA,NA,NA,604,2006,47,NA
"XW",NA,NA,NA,911,2007,77,NA
"XW",NA,NA,NA,1172,2008,111,NA
"XW",NA,NA,NA,1168,2009,115,NA
"XW",NA,NA,NA,1397,2010,136,NA
"XW",NA,NA,NA,1239,2011,110,NA
"XW",NA,NA,NA,1075,2012,95,NA
"XW",NA,NA,NA,501,2013,56,NA
"XW",NA,NA,NA,520,2014,50,NA
"XW",NA,NA,NA,414,2015,35,NA
"XW",NA,NA,NA,94,2016,11,NA
"YU",NA,NA,NA,2,1971,1,NA
"YU",NA,NA,NA,8,1973,1,NA
"YU",NA,NA,NA,8,1974,1,NA
"YU",NA,NA,NA,7,1975,2,NA
"YU",NA,NA,NA,8,1976,1,NA
"YU",NA,NA,NA,36,1977,4,NA
"YU",NA,NA,NA,38,1979,4,NA
"YU",NA,NA,NA,40,1980,4,NA
"YU",NA,NA,NA,41,1981,4,NA
"YU",NA,NA,NA,10,1982,1,NA
"YU",NA,NA,NA,29,1983,3,NA
"YU",NA,NA,NA,36,1984,4,NA
"YU",NA,NA,NA,46,1985,5,NA
"YU",NA,NA,NA,58,1986,6,NA
"YU",NA,NA,NA,38,1987,4,NA
"YU",NA,NA,NA,37,1988,4,NA
"YU",NA,NA,NA,25,1989,2,NA
"YU",NA,NA,NA,48,1990,5,NA
"YU",NA,NA,NA,23,1991,3,NA
"YU",NA,NA,NA,10,1993,1,NA
"YU",NA,NA,NA,12,1994,1,NA
"YU",NA,NA,NA,8,1995,1,NA
"YU",NA,NA,NA,15,1996,1,NA
"YU",NA,NA,NA,13,1999,1,NA
"YU",NA,NA,NA,18,2001,2,NA
"ZA","ZMB","Zambia","ZM",19,1989,2,NA
"ZA","ZMB","Zambia","ZM",10,1992,1,NA
"ZA","ZMB","Zambia","ZM",12,1993,1,NA
"ZA","ZMB","Zambia","ZM",11,1995,1,NA
"ZA","ZMB","Zambia","ZM",29,1997,2,NA
"ZA","ZMB","Zambia","ZM",6,1998,1,NA
"ZA","ZMB","Zambia","ZM",13,1999,1,NA
"ZA","ZMB","Zambia","ZM",11,2000,1,NA
"ZA","ZMB","Zambia","ZM",18,2001,1,NA
"ZA","ZMB","Zambia","ZM",23,2002,1,NA
"ZA","ZMB","Zambia","ZM",41,2003,3,NA
"ZA","ZMB","Zambia","ZM",38,2004,3,NA
"ZA","ZMB","Zambia","ZM",6,2005,1,NA
"ZA","ZMB","Zambia","ZM",41,2006,4,NA
"ZA","ZMB","Zambia","ZM",36,2007,3,NA
"ZA","ZMB","Zambia","ZM",54,2008,4,NA
"ZA","ZMB","Zambia","ZM",26,2009,2,NA
"ZA","ZMB","Zambia","ZM",13,2010,1,NA
"ZA","ZMB","Zambia","ZM",16,2011,3,NA
"ZA","ZMB","Zambia","ZM",12,2012,1,NA
