"country","code","name","code_2","count","publicationDateAlbum"
"AE","ARE","United Arab Emirates","AE",7,2008
"AR","ARG","Argentina","AR",13,1968
"AR","ARG","Argentina","AR",23,1971
"AR","ARG","Argentina","AR",18,1972
"AR","ARG","Argentina","AR",26,1973
"AR","ARG","Argentina","AR",34,1976
"AR","ARG","Argentina","AR",12,1977
"AR","ARG","Argentina","AR",3,1978
"AR","ARG","Argentina","AR",10,1979
"AR","ARG","Argentina","AR",49,1981
"AR","ARG","Argentina","AR",32,1982
"AR","ARG","Argentina","AR",47,1983
"AR","ARG","Argentina","AR",50,1984
"AR","ARG","Argentina","AR",75,1985
"AR","ARG","Argentina","AR",27,1986
"AR","ARG","Argentina","AR",43,1987
"AR","ARG","Argentina","AR",60,1988
"AR","ARG","Argentina","AR",102,1989
"AR","ARG","Argentina","AR",63,1990
"AR","ARG","Argentina","AR",93,1991
"AR","ARG","Argentina","AR",73,1992
"AR","ARG","Argentina","AR",113,1993
"AR","ARG","Argentina","AR",134,1994
"AR","ARG","Argentina","AR",190,1995
"AR","ARG","Argentina","AR",222,1996
"AR","ARG","Argentina","AR",233,1997
"AR","ARG","Argentina","AR",155,1998
"AR","ARG","Argentina","AR",199,1999
"AR","ARG","Argentina","AR",334,2000
"AR","ARG","Argentina","AR",247,2001
"AR","ARG","Argentina","AR",141,2002
"AR","ARG","Argentina","AR",212,2003
"AR","ARG","Argentina","AR",195,2004
"AR","ARG","Argentina","AR",186,2005
"AR","ARG","Argentina","AR",252,2006
"AR","ARG","Argentina","AR",275,2007
"AR","ARG","Argentina","AR",157,2008
"AR","ARG","Argentina","AR",65,2009
"AR","ARG","Argentina","AR",132,2010
"AR","ARG","Argentina","AR",27,2011
"AR","ARG","Argentina","AR",12,2012
"AT","AUS","Australia","AU",14,1961
"AT","AUS","Australia","AU",22,1963
"AT","AUS","Australia","AU",15,1965
"AT","AUS","Australia","AU",21,1966
"AT","AUS","Australia","AU",23,1968
"AT","AUS","Australia","AU",14,1971
"AT","AUS","Australia","AU",25,1972
"AT","AUS","Australia","AU",27,1973
"AT","AUS","Australia","AU",12,1974
"AT","AUS","Australia","AU",24,1975
"AT","AUS","Australia","AU",39,1976
"AT","AUS","Australia","AU",75,1977
"AT","AUS","Australia","AU",56,1978
"AT","AUS","Australia","AU",39,1979
"AT","AUS","Australia","AU",38,1980
"AT","AUS","Australia","AU",71,1981
"AT","AUS","Australia","AU",10,1982
"AT","AUS","Australia","AU",31,1983
"AT","AUS","Australia","AU",26,1984
"AT","AUS","Australia","AU",42,1985
"AT","AUS","Australia","AU",31,1986
"AT","AUS","Australia","AU",20,1987
"AT","AUS","Australia","AU",47,1988
"AT","AUS","Australia","AU",35,1989
"AT","AUS","Australia","AU",91,1990
"AT","AUS","Australia","AU",129,1991
"AT","AUS","Australia","AU",74,1992
"AT","AUS","Australia","AU",55,1993
"AT","AUS","Australia","AU",71,1994
"AT","AUS","Australia","AU",143,1995
"AT","AUS","Australia","AU",117,1996
"AT","AUS","Australia","AU",80,1997
"AT","AUS","Australia","AU",116,1998
"AT","AUS","Australia","AU",153,1999
"AT","AUS","Australia","AU",80,2000
"AT","AUS","Australia","AU",115,2001
"AT","AUS","Australia","AU",118,2002
"AT","AUS","Australia","AU",97,2003
"AT","AUS","Australia","AU",200,2004
"AT","AUS","Australia","AU",161,2005
"AT","AUS","Australia","AU",209,2006
"AT","AUS","Australia","AU",245,2007
"AT","AUS","Australia","AU",259,2008
"AT","AUS","Australia","AU",169,2009
"AT","AUS","Australia","AU",82,2010
"AT","AUS","Australia","AU",84,2011
"AT","AUS","Australia","AU",51,2012
"AT","AUS","Australia","AU",94,2013
"AT","AUS","Australia","AU",13,2014
"AT","AUS","Australia","AU",35,2015
"AU","AUT","Austria","AT",36,1965
"AU","AUT","Austria","AT",61,1966
"AU","AUT","Austria","AT",24,1967
"AU","AUT","Austria","AT",32,1968
"AU","AUT","Austria","AT",8,1971
"AU","AUT","Austria","AT",52,1973
"AU","AUT","Austria","AT",19,1974
"AU","AUT","Austria","AT",21,1975
"AU","AUT","Austria","AT",44,1976
"AU","AUT","Austria","AT",30,1977
"AU","AUT","Austria","AT",28,1978
"AU","AUT","Austria","AT",95,1979
"AU","AUT","Austria","AT",68,1980
"AU","AUT","Austria","AT",41,1981
"AU","AUT","Austria","AT",49,1982
"AU","AUT","Austria","AT",43,1983
"AU","AUT","Austria","AT",34,1984
"AU","AUT","Austria","AT",23,1985
"AU","AUT","Austria","AT",79,1986
"AU","AUT","Austria","AT",59,1987
"AU","AUT","Austria","AT",126,1988
"AU","AUT","Austria","AT",123,1989
"AU","AUT","Austria","AT",206,1990
"AU","AUT","Austria","AT",218,1991
"AU","AUT","Austria","AT",163,1992
"AU","AUT","Austria","AT",74,1993
"AU","AUT","Austria","AT",227,1994
"AU","AUT","Austria","AT",235,1995
"AU","AUT","Austria","AT",245,1996
"AU","AUT","Austria","AT",236,1997
"AU","AUT","Austria","AT",358,1998
"AU","AUT","Austria","AT",246,1999
"AU","AUT","Austria","AT",452,2000
"AU","AUT","Austria","AT",313,2001
"AU","AUT","Austria","AT",444,2002
"AU","AUT","Austria","AT",462,2003
"AU","AUT","Austria","AT",760,2004
"AU","AUT","Austria","AT",466,2005
"AU","AUT","Austria","AT",640,2006
"AU","AUT","Austria","AT",628,2007
"AU","AUT","Austria","AT",665,2008
"AU","AUT","Austria","AT",353,2009
"AU","AUT","Austria","AT",387,2010
"AU","AUT","Austria","AT",220,2011
"AU","AUT","Austria","AT",166,2012
"AU","AUT","Austria","AT",93,2013
"AU","AUT","Austria","AT",49,2014
"AU","AUT","Austria","AT",28,2015
"BA","BHR","Bahrain","BH",10,1995
"BA","BHR","Bahrain","BH",11,2004
"BA","BHR","Bahrain","BH",10,2006
"BE","BEL","Belgium","BE",12,1969
"BE","BEL","Belgium","BE",36,1978
"BE","BEL","Belgium","BE",17,1981
"BE","BEL","Belgium","BE",23,1982
"BE","BEL","Belgium","BE",12,1983
"BE","BEL","Belgium","BE",11,1984
"BE","BEL","Belgium","BE",36,1985
"BE","BEL","Belgium","BE",50,1986
"BE","BEL","Belgium","BE",11,1987
"BE","BEL","Belgium","BE",54,1988
"BE","BEL","Belgium","BE",57,1989
"BE","BEL","Belgium","BE",110,1990
"BE","BEL","Belgium","BE",88,1991
"BE","BEL","Belgium","BE",74,1992
"BE","BEL","Belgium","BE",144,1993
"BE","BEL","Belgium","BE",25,1994
"BE","BEL","Belgium","BE",38,1995
"BE","BEL","Belgium","BE",58,1996
"BE","BEL","Belgium","BE",66,1997
"BE","BEL","Belgium","BE",64,1998
"BE","BEL","Belgium","BE",124,1999
"BE","BEL","Belgium","BE",103,2000
"BE","BEL","Belgium","BE",201,2001
"BE","BEL","Belgium","BE",177,2002
"BE","BEL","Belgium","BE",129,2003
"BE","BEL","Belgium","BE",154,2004
"BE","BEL","Belgium","BE",170,2005
"BE","BEL","Belgium","BE",232,2006
"BE","BEL","Belgium","BE",278,2007
"BE","BEL","Belgium","BE",128,2008
"BE","BEL","Belgium","BE",126,2009
"BE","BEL","Belgium","BE",187,2010
"BE","BEL","Belgium","BE",36,2011
"BE","BEL","Belgium","BE",39,2012
"BE","BEL","Belgium","BE",23,2013
"BG","BGD","Bangladesh","BD",9,2003
"BG","BGD","Bangladesh","BD",7,2007
"BG","BGD","Bangladesh","BD",16,2008
"BR","BRA","Brazil","BR",8,1954
"BR","BRA","Brazil","BR",8,1955
"BR","BRA","Brazil","BR",15,1956
"BR","BRA","Brazil","BR",24,1957
"BR","BRA","Brazil","BR",46,1958
"BR","BRA","Brazil","BR",26,1959
"BR","BRA","Brazil","BR",14,1960
"BR","BRA","Brazil","BR",36,1961
"BR","BRA","Brazil","BR",52,1962
"BR","BRA","Brazil","BR",48,1963
"BR","BRA","Brazil","BR",68,1964
"BR","BRA","Brazil","BR",107,1965
"BR","BRA","Brazil","BR",115,1966
"BR","BRA","Brazil","BR",146,1967
"BR","BRA","Brazil","BR",72,1968
"BR","BRA","Brazil","BR",146,1969
"BR","BRA","Brazil","BR",133,1970
"BR","BRA","Brazil","BR",108,1971
"BR","BRA","Brazil","BR",143,1972
"BR","BRA","Brazil","BR",159,1973
"BR","BRA","Brazil","BR",164,1974
"BR","BRA","Brazil","BR",137,1975
"BR","BRA","Brazil","BR",178,1976
"BR","BRA","Brazil","BR",137,1977
"BR","BRA","Brazil","BR",110,1978
"BR","BRA","Brazil","BR",83,1979
"BR","BRA","Brazil","BR",135,1980
"BR","BRA","Brazil","BR",118,1981
"BR","BRA","Brazil","BR",132,1982
"BR","BRA","Brazil","BR",69,1983
"BR","BRA","Brazil","BR",112,1984
"BR","BRA","Brazil","BR",152,1985
"BR","BRA","Brazil","BR",106,1986
"BR","BRA","Brazil","BR",175,1987
"BR","BRA","Brazil","BR",105,1988
"BR","BRA","Brazil","BR",195,1989
"BR","BRA","Brazil","BR",143,1990
"BR","BRA","Brazil","BR",200,1991
"BR","BRA","Brazil","BR",196,1992
"BR","BRA","Brazil","BR",306,1993
"BR","BRA","Brazil","BR",295,1994
"BR","BRA","Brazil","BR",301,1995
"BR","BRA","Brazil","BR",241,1996
"BR","BRA","Brazil","BR",306,1997
"BR","BRA","Brazil","BR",325,1998
"BR","BRA","Brazil","BR",339,1999
"BR","BRA","Brazil","BR",370,2000
"BR","BRA","Brazil","BR",336,2001
"BR","BRA","Brazil","BR",310,2002
"BR","BRA","Brazil","BR",337,2003
"BR","BRA","Brazil","BR",326,2004
"BR","BRA","Brazil","BR",472,2005
"BR","BRA","Brazil","BR",271,2006
"BR","BRA","Brazil","BR",289,2007
"BR","BRA","Brazil","BR",287,2008
"BR","BRA","Brazil","BR",206,2009
"BR","BRA","Brazil","BR",171,2010
"BR","BRA","Brazil","BR",113,2011
"BR","BRA","Brazil","BR",78,2012
"BR","BRA","Brazil","BR",47,2013
"BR","BRA","Brazil","BR",25,2014
"BR","BRA","Brazil","BR",36,2015
"BY","BDI","Burundi","BI",7,2007
"BY","BDI","Burundi","BI",10,2009
"BY","BDI","Burundi","BI",14,2010
"CA","CAN","Canada","CA",12,1960
"CA","CAN","Canada","CA",24,1961
"CA","CAN","Canada","CA",16,1964
"CA","CAN","Canada","CA",11,1966
"CA","CAN","Canada","CA",49,1967
"CA","CAN","Canada","CA",34,1968
"CA","CAN","Canada","CA",103,1969
"CA","CAN","Canada","CA",43,1970
"CA","CAN","Canada","CA",44,1971
"CA","CAN","Canada","CA",54,1972
"CA","CAN","Canada","CA",28,1973
"CA","CAN","Canada","CA",64,1974
"CA","CAN","Canada","CA",84,1975
"CA","CAN","Canada","CA",112,1976
"CA","CAN","Canada","CA",60,1977
"CA","CAN","Canada","CA",106,1978
"CA","CAN","Canada","CA",104,1979
"CA","CAN","Canada","CA",129,1980
"CA","CAN","Canada","CA",183,1981
"CA","CAN","Canada","CA",137,1982
"CA","CAN","Canada","CA",181,1983
"CA","CAN","Canada","CA",74,1984
"CA","CAN","Canada","CA",145,1985
"CA","CAN","Canada","CA",109,1986
"CA","CAN","Canada","CA",170,1987
"CA","CAN","Canada","CA",127,1988
"CA","CAN","Canada","CA",167,1989
"CA","CAN","Canada","CA",185,1990
"CA","CAN","Canada","CA",206,1991
"CA","CAN","Canada","CA",267,1992
"CA","CAN","Canada","CA",429,1993
"CA","CAN","Canada","CA",489,1994
"CA","CAN","Canada","CA",466,1995
"CA","CAN","Canada","CA",474,1996
"CA","CAN","Canada","CA",560,1997
"CA","CAN","Canada","CA",445,1998
"CA","CAN","Canada","CA",511,1999
"CA","CAN","Canada","CA",569,2000
"CA","CAN","Canada","CA",610,2001
"CA","CAN","Canada","CA",663,2002
"CA","CAN","Canada","CA",536,2003
"CA","CAN","Canada","CA",707,2004
"CA","CAN","Canada","CA",923,2005
"CA","CAN","Canada","CA",863,2006
"CA","CAN","Canada","CA",929,2007
"CA","CAN","Canada","CA",797,2008
"CA","CAN","Canada","CA",876,2009
"CA","CAN","Canada","CA",508,2010
"CA","CAN","Canada","CA",284,2011
"CA","CAN","Canada","CA",218,2012
"CA","CAN","Canada","CA",54,2014
"CA","CAN","Canada","CA",12,2015
"CA","CAN","Canada","CA",12,2016
"CH","CHN","China","CN",9,1966
"CH","CHN","China","CN",7,1967
"CH","CHN","China","CN",17,1970
"CH","CHN","China","CN",13,1971
"CH","CHN","China","CN",10,1972
"CH","CHN","China","CN",20,1976
"CH","CHN","China","CN",9,1979
"CH","CHN","China","CN",8,1984
"CH","CHN","China","CN",4,1985
"CH","CHN","China","CN",23,1987
"CH","CHN","China","CN",12,1989
"CH","CHN","China","CN",48,1991
"CH","CHN","China","CN",33,1992
"CH","CHN","China","CN",33,1993
"CH","CHN","China","CN",61,1994
"CH","CHN","China","CN",42,1995
"CH","CHN","China","CN",52,1996
"CH","CHN","China","CN",60,1997
"CH","CHN","China","CN",38,1998
"CH","CHN","China","CN",49,1999
"CH","CHN","China","CN",57,2000
"CH","CHN","China","CN",81,2001
"CH","CHN","China","CN",37,2002
"CH","CHN","China","CN",121,2003
"CH","CHN","China","CN",57,2004
"CH","CHN","China","CN",64,2005
"CH","CHN","China","CN",65,2006
"CH","CHN","China","CN",74,2007
"CH","CHN","China","CN",119,2008
"CH","CHN","China","CN",64,2009
"CH","CHN","China","CN",56,2010
"CH","CHN","China","CN",26,2011
"CH","CHN","China","CN",42,2012
"CH","CHN","China","CN",12,2015
"CL","CHL","Chile","CL",12,1966
"CL","CHL","Chile","CL",10,1989
"CL","CHL","Chile","CL",10,1991
"CL","CHL","Chile","CL",15,1992
"CL","CHL","Chile","CL",10,1994
"CL","CHL","Chile","CL",24,1995
"CL","CHL","Chile","CL",35,1996
"CL","CHL","Chile","CL",27,1997
"CL","CHL","Chile","CL",24,1998
"CL","CHL","Chile","CL",24,1999
"CL","CHL","Chile","CL",34,2000
"CL","CHL","Chile","CL",18,2001
"CL","CHL","Chile","CL",21,2002
"CL","CHL","Chile","CL",61,2003
"CL","CHL","Chile","CL",45,2004
"CL","CHL","Chile","CL",75,2005
"CL","CHL","Chile","CL",44,2006
"CL","CHL","Chile","CL",43,2007
"CL","CHL","Chile","CL",45,2008
"CL","CHL","Chile","CL",13,2009
"CL","CHL","Chile","CL",10,2010
"CL","CHL","Chile","CL",54,2011
"CL","CHL","Chile","CL",24,2012
"CN","COM","Comoros","KM",12,2004
"CO","COL","Colombia","CO",11,1994
"CO","COL","Colombia","CO",12,1997
"CO","COL","Colombia","CO",12,2001
"CO","COL","Colombia","CO",13,2003
"CO","COL","Colombia","CO",22,2004
"CO","COL","Colombia","CO",23,2006
"CO","COL","Colombia","CO",11,2008
"CO","COL","Colombia","CO",15,2009
"CS","CRI","Costa Rica","CR",10,1993
"CS","CRI","Costa Rica","CR",9,1997
"CS","CRI","Costa Rica","CR",23,1998
"CS","CRI","Costa Rica","CR",11,1999
"CS","CRI","Costa Rica","CR",11,2000
"CS","CRI","Costa Rica","CR",26,2001
"CS","CRI","Costa Rica","CR",14,2003
"CS","CRI","Costa Rica","CR",21,2005
"CZ","CZE","Czech Republic","CZ",12,1966
"CZ","CZE","Czech Republic","CZ",51,1993
"CZ","CZE","Czech Republic","CZ",50,1994
"CZ","CZE","Czech Republic","CZ",91,1995
"CZ","CZE","Czech Republic","CZ",95,1996
"CZ","CZE","Czech Republic","CZ",41,1997
"CZ","CZE","Czech Republic","CZ",78,1998
"CZ","CZE","Czech Republic","CZ",59,1999
"CZ","CZE","Czech Republic","CZ",81,2000
"CZ","CZE","Czech Republic","CZ",66,2001
"CZ","CZE","Czech Republic","CZ",87,2002
"CZ","CZE","Czech Republic","CZ",127,2003
"CZ","CZE","Czech Republic","CZ",83,2004
"CZ","CZE","Czech Republic","CZ",83,2005
"CZ","CZE","Czech Republic","CZ",158,2006
"CZ","CZE","Czech Republic","CZ",89,2007
"CZ","CZE","Czech Republic","CZ",53,2008
"CZ","CZE","Czech Republic","CZ",118,2009
"CZ","CZE","Czech Republic","CZ",25,2010
"CZ","CZE","Czech Republic","CZ",11,2011
"CZ","CZE","Czech Republic","CZ",45,2012
"DE","DEU","Germany","DE",6,1947
"DE","DEU","Germany","DE",18,1958
"DE","DEU","Germany","DE",19,1961
"DE","DEU","Germany","DE",24,1962
"DE","DEU","Germany","DE",10,1963
"DE","DEU","Germany","DE",47,1964
"DE","DEU","Germany","DE",91,1965
"DE","DEU","Germany","DE",70,1966
"DE","DEU","Germany","DE",153,1967
"DE","DEU","Germany","DE",137,1968
"DE","DEU","Germany","DE",117,1969
"DE","DEU","Germany","DE",299,1970
"DE","DEU","Germany","DE",275,1971
"DE","DEU","Germany","DE",268,1972
"DE","DEU","Germany","DE",360,1973
"DE","DEU","Germany","DE",243,1974
"DE","DEU","Germany","DE",269,1975
"DE","DEU","Germany","DE",233,1976
"DE","DEU","Germany","DE",329,1977
"DE","DEU","Germany","DE",359,1978
"DE","DEU","Germany","DE",429,1979
"DE","DEU","Germany","DE",357,1980
"DE","DEU","Germany","DE",405,1981
"DE","DEU","Germany","DE",437,1982
"DE","DEU","Germany","DE",565,1983
"DE","DEU","Germany","DE",583,1984
"DE","DEU","Germany","DE",685,1985
"DE","DEU","Germany","DE",710,1986
"DE","DEU","Germany","DE",761,1987
"DE","DEU","Germany","DE",810,1988
"DE","DEU","Germany","DE",795,1989
"DE","DEU","Germany","DE",1073,1990
"DE","DEU","Germany","DE",1237,1991
"DE","DEU","Germany","DE",1364,1992
"DE","DEU","Germany","DE",1873,1993
"DE","DEU","Germany","DE",2185,1994
"DE","DEU","Germany","DE",2534,1995
"DE","DEU","Germany","DE",2589,1996
"DE","DEU","Germany","DE",2826,1997
"DE","DEU","Germany","DE",2525,1998
"DE","DEU","Germany","DE",2732,1999
"DE","DEU","Germany","DE",2721,2000
"DE","DEU","Germany","DE",3230,2001
"DE","DEU","Germany","DE",3311,2002
"DE","DEU","Germany","DE",3324,2003
"DE","DEU","Germany","DE",4326,2004
"DE","DEU","Germany","DE",4123,2005
"DE","DEU","Germany","DE",4559,2006
"DE","DEU","Germany","DE",4193,2007
"DE","DEU","Germany","DE",4305,2008
"DE","DEU","Germany","DE",3709,2009
"DE","DEU","Germany","DE",2790,2010
"DE","DEU","Germany","DE",2301,2011
"DE","DEU","Germany","DE",1217,2012
"DE","DEU","Germany","DE",395,2013
"DE","DEU","Germany","DE",339,2014
"DE","DEU","Germany","DE",240,2015
"DE","DEU","Germany","DE",16,2016
"DK","DNK","Denmark","DK",13,1963
"DK","DNK","Denmark","DK",12,1970
"DK","DNK","Denmark","DK",19,1971
"DK","DNK","Denmark","DK",12,1972
"DK","DNK","Denmark","DK",22,1975
"DK","DNK","Denmark","DK",15,1976
"DK","DNK","Denmark","DK",9,1980
"DK","DNK","Denmark","DK",14,1981
"DK","DNK","Denmark","DK",18,1982
"DK","DNK","Denmark","DK",6,1983
"DK","DNK","Denmark","DK",30,1984
"DK","DNK","Denmark","DK",9,1986
"DK","DNK","Denmark","DK",17,1987
"DK","DNK","Denmark","DK",18,1988
"DK","DNK","Denmark","DK",49,1989
"DK","DNK","Denmark","DK",26,1990
"DK","DNK","Denmark","DK",67,1991
"DK","DNK","Denmark","DK",27,1992
"DK","DNK","Denmark","DK",68,1993
"DK","DNK","Denmark","DK",24,1994
"DK","DNK","Denmark","DK",52,1995
"DK","DNK","Denmark","DK",99,1996
"DK","DNK","Denmark","DK",85,1997
"DK","DNK","Denmark","DK",96,1998
"DK","DNK","Denmark","DK",120,1999
"DK","DNK","Denmark","DK",102,2000
"DK","DNK","Denmark","DK",71,2001
"DK","DNK","Denmark","DK",133,2002
"DK","DNK","Denmark","DK",307,2003
"DK","DNK","Denmark","DK",109,2004
"DK","DNK","Denmark","DK",180,2005
"DK","DNK","Denmark","DK",107,2006
"DK","DNK","Denmark","DK",126,2007
"DK","DNK","Denmark","DK",177,2008
"DK","DNK","Denmark","DK",140,2009
"DK","DNK","Denmark","DK",109,2010
"DK","DNK","Denmark","DK",84,2011
"DK","DNK","Denmark","DK",57,2012
"DK","DNK","Denmark","DK",12,2013
"DK","DNK","Denmark","DK",1,2014
"DO","DMA","Dominica","DM",12,1996
"DO","DMA","Dominica","DM",10,2002
"DO","DMA","Dominica","DM",14,2009
"EE","EST","Estonia","EE",16,1992
"EE","EST","Estonia","EE",30,1996
"EE","EST","Estonia","EE",14,1999
"EE","EST","Estonia","EE",8,2000
"EE","EST","Estonia","EE",49,2001
"EE","EST","Estonia","EE",12,2003
"EE","EST","Estonia","EE",21,2006
"EE","EST","Estonia","EE",24,2007
"EE","EST","Estonia","EE",13,2008
"EE","EST","Estonia","EE",22,2009
"EE","EST","Estonia","EE",16,2011
"EE","EST","Estonia","EE",31,2012
"ES","SLV","El Salvador","SV",13,1968
"ES","SLV","El Salvador","SV",13,1969
"ES","SLV","El Salvador","SV",30,1971
"ES","SLV","El Salvador","SV",12,1974
"ES","SLV","El Salvador","SV",29,1975
"ES","SLV","El Salvador","SV",18,1976
"ES","SLV","El Salvador","SV",25,1977
"ES","SLV","El Salvador","SV",9,1978
"ES","SLV","El Salvador","SV",61,1979
"ES","SLV","El Salvador","SV",80,1980
"ES","SLV","El Salvador","SV",48,1981
"ES","SLV","El Salvador","SV",70,1982
"ES","SLV","El Salvador","SV",38,1983
"ES","SLV","El Salvador","SV",85,1984
"ES","SLV","El Salvador","SV",95,1985
"ES","SLV","El Salvador","SV",70,1986
"ES","SLV","El Salvador","SV",128,1987
"ES","SLV","El Salvador","SV",114,1988
"ES","SLV","El Salvador","SV",86,1989
"ES","SLV","El Salvador","SV",120,1990
"ES","SLV","El Salvador","SV",89,1991
"ES","SLV","El Salvador","SV",106,1992
"ES","SLV","El Salvador","SV",111,1993
"ES","SLV","El Salvador","SV",150,1994
"ES","SLV","El Salvador","SV",228,1995
"ES","SLV","El Salvador","SV",258,1996
"ES","SLV","El Salvador","SV",299,1997
"ES","SLV","El Salvador","SV",312,1998
"ES","SLV","El Salvador","SV",472,1999
"ES","SLV","El Salvador","SV",314,2000
"ES","SLV","El Salvador","SV",522,2001
"ES","SLV","El Salvador","SV",514,2002
"ES","SLV","El Salvador","SV",748,2003
"ES","SLV","El Salvador","SV",717,2004
"ES","SLV","El Salvador","SV",646,2005
"ES","SLV","El Salvador","SV",575,2006
"ES","SLV","El Salvador","SV",641,2007
"ES","SLV","El Salvador","SV",519,2008
"ES","SLV","El Salvador","SV",363,2009
"ES","SLV","El Salvador","SV",321,2010
"ES","SLV","El Salvador","SV",222,2011
"ES","SLV","El Salvador","SV",29,2012
"ES","SLV","El Salvador","SV",19,2013
"ES","SLV","El Salvador","SV",19,2014
"FI","FIN","Finland","FI",9,1972
"FI","FIN","Finland","FI",14,1975
"FI","FIN","Finland","FI",14,1976
"FI","FIN","Finland","FI",17,1977
"FI","FIN","Finland","FI",27,1978
"FI","FIN","Finland","FI",24,1979
"FI","FIN","Finland","FI",42,1980
"FI","FIN","Finland","FI",23,1981
"FI","FIN","Finland","FI",21,1982
"FI","FIN","Finland","FI",28,1983
"FI","FIN","Finland","FI",32,1984
"FI","FIN","Finland","FI",30,1985
"FI","FIN","Finland","FI",73,1986
"FI","FIN","Finland","FI",82,1987
"FI","FIN","Finland","FI",46,1988
"FI","FIN","Finland","FI",74,1989
"FI","FIN","Finland","FI",114,1990
"FI","FIN","Finland","FI",165,1991
"FI","FIN","Finland","FI",102,1992
"FI","FIN","Finland","FI",136,1993
"FI","FIN","Finland","FI",119,1994
"FI","FIN","Finland","FI",153,1995
"FI","FIN","Finland","FI",288,1996
"FI","FIN","Finland","FI",278,1997
"FI","FIN","Finland","FI",325,1998
"FI","FIN","Finland","FI",335,1999
"FI","FIN","Finland","FI",418,2000
"FI","FIN","Finland","FI",564,2001
"FI","FIN","Finland","FI",577,2002
"FI","FIN","Finland","FI",660,2003
"FI","FIN","Finland","FI",749,2004
"FI","FIN","Finland","FI",778,2005
"FI","FIN","Finland","FI",958,2006
"FI","FIN","Finland","FI",708,2007
"FI","FIN","Finland","FI",863,2008
"FI","FIN","Finland","FI",636,2009
"FI","FIN","Finland","FI",466,2010
"FI","FIN","Finland","FI",265,2011
"FI","FIN","Finland","FI",229,2012
"FI","FIN","Finland","FI",40,2013
"FI","FIN","Finland","FI",13,2014
"FI","FIN","Finland","FI",10,2015
"FO","FRO","Faroe Islands","FO",4,2000
"FO","FRO","Faroe Islands","FO",2,2002
"FO","FRO","Faroe Islands","FO",5,2010
"FO","FRO","Faroe Islands","FO",6,2013
"FR","FRA","France","FR",9,1951
"FR","FRA","France","FR",17,1953
"FR","FRA","France","FR",4,1955
"FR","FRA","France","FR",4,1957
"FR","FRA","France","FR",40,1958
"FR","FRA","France","FR",41,1959
"FR","FRA","France","FR",24,1960
"FR","FRA","France","FR",46,1961
"FR","FRA","France","FR",36,1962
"FR","FRA","France","FR",79,1963
"FR","FRA","France","FR",115,1964
"FR","FRA","France","FR",103,1965
"FR","FRA","France","FR",75,1966
"FR","FRA","France","FR",79,1967
"FR","FRA","France","FR",100,1968
"FR","FRA","France","FR",110,1969
"FR","FRA","France","FR",45,1970
"FR","FRA","France","FR",117,1971
"FR","FRA","France","FR",145,1972
"FR","FRA","France","FR",201,1973
"FR","FRA","France","FR",105,1974
"FR","FRA","France","FR",158,1975
"FR","FRA","France","FR",213,1976
"FR","FRA","France","FR",150,1977
"FR","FRA","France","FR",202,1978
"FR","FRA","France","FR",205,1979
"FR","FRA","France","FR",184,1980
"FR","FRA","France","FR",240,1981
"FR","FRA","France","FR",122,1982
"FR","FRA","France","FR",144,1983
"FR","FRA","France","FR",171,1984
"FR","FRA","France","FR",290,1985
"FR","FRA","France","FR",211,1986
"FR","FRA","France","FR",183,1987
"FR","FRA","France","FR",383,1988
"FR","FRA","France","FR",367,1989
"FR","FRA","France","FR",509,1990
"FR","FRA","France","FR",486,1991
"FR","FRA","France","FR",514,1992
"FR","FRA","France","FR",444,1993
"FR","FRA","France","FR",590,1994
"FR","FRA","France","FR",636,1995
"FR","FRA","France","FR",916,1996
"FR","FRA","France","FR",829,1997
"FR","FRA","France","FR",643,1998
"FR","FRA","France","FR",604,1999
"FR","FRA","France","FR",1016,2000
"FR","FRA","France","FR",1086,2001
"FR","FRA","France","FR",1009,2002
"FR","FRA","France","FR",1199,2003
"FR","FRA","France","FR",1139,2004
"FR","FRA","France","FR",1094,2005
"FR","FRA","France","FR",1159,2006
"FR","FRA","France","FR",1100,2007
"FR","FRA","France","FR",1125,2008
"FR","FRA","France","FR",1071,2009
"FR","FRA","France","FR",723,2010
"FR","FRA","France","FR",696,2011
"FR","FRA","France","FR",282,2012
"FR","FRA","France","FR",87,2013
"FR","FRA","France","FR",105,2014
"FR","FRA","France","FR",22,2015
"FR","FRA","France","FR",10,2016
"GB","GAB","Gabon","GA",24,1828
"GB","GAB","Gabon","GA",24,1955
"GB","GAB","Gabon","GA",34,1957
"GB","GAB","Gabon","GA",14,1958
"GB","GAB","Gabon","GA",32,1959
"GB","GAB","Gabon","GA",79,1960
"GB","GAB","Gabon","GA",95,1961
"GB","GAB","Gabon","GA",20,1962
"GB","GAB","Gabon","GA",48,1963
"GB","GAB","Gabon","GA",120,1964
"GB","GAB","Gabon","GA",316,1965
"GB","GAB","Gabon","GA",129,1966
"GB","GAB","Gabon","GA",427,1967
"GB","GAB","Gabon","GA",611,1968
"GB","GAB","Gabon","GA",623,1969
"GB","GAB","Gabon","GA",799,1970
"GB","GAB","Gabon","GA",821,1971
"GB","GAB","Gabon","GA",892,1972
"GB","GAB","Gabon","GA",704,1973
"GB","GAB","Gabon","GA",855,1974
"GB","GAB","Gabon","GA",870,1975
"GB","GAB","Gabon","GA",574,1976
"GB","GAB","Gabon","GA",716,1977
"GB","GAB","Gabon","GA",1014,1978
"GB","GAB","Gabon","GA",1064,1979
"GB","GAB","Gabon","GA",1016,1980
"GB","GAB","Gabon","GA",1213,1981
"GB","GAB","Gabon","GA",1104,1982
"GB","GAB","Gabon","GA",1174,1983
"GB","GAB","Gabon","GA",1056,1984
"GB","GAB","Gabon","GA",1139,1985
"GB","GAB","Gabon","GA",976,1986
"GB","GAB","Gabon","GA",1312,1987
"GB","GAB","Gabon","GA",1126,1988
"GB","GAB","Gabon","GA",1087,1989
"GB","GAB","Gabon","GA",1534,1990
"GB","GAB","Gabon","GA",1461,1991
"GB","GAB","Gabon","GA",1674,1992
"GB","GAB","Gabon","GA",1764,1993
"GB","GAB","Gabon","GA",2131,1994
"GB","GAB","Gabon","GA",2185,1995
"GB","GAB","Gabon","GA",2599,1996
"GB","GAB","Gabon","GA",2314,1997
"GB","GAB","Gabon","GA",2279,1998
"GB","GAB","Gabon","GA",2087,1999
"GB","GAB","Gabon","GA",2952,2000
"GB","GAB","Gabon","GA",3301,2001
"GB","GAB","Gabon","GA",3727,2002
"GB","GAB","Gabon","GA",3605,2003
"GB","GAB","Gabon","GA",3186,2004
"GB","GAB","Gabon","GA",3669,2005
"GB","GAB","Gabon","GA",3749,2006
"GB","GAB","Gabon","GA",3576,2007
"GB","GAB","Gabon","GA",3459,2008
"GB","GAB","Gabon","GA",3196,2009
"GB","GAB","Gabon","GA",3102,2010
"GB","GAB","Gabon","GA",1938,2011
"GB","GAB","Gabon","GA",1017,2012
"GB","GAB","Gabon","GA",452,2013
"GB","GAB","Gabon","GA",194,2014
"GB","GAB","Gabon","GA",124,2015
"GL","GRL","Greenland","GL",10,2000
"GL","GRL","Greenland","GL",12,2001
"GR","GRC","Greece","GR",9,1969
"GR","GRC","Greece","GR",13,1982
"GR","GRC","Greece","GR",8,1993
"GR","GRC","Greece","GR",29,1994
"GR","GRC","Greece","GR",36,1995
"GR","GRC","Greece","GR",18,1996
"GR","GRC","Greece","GR",10,1997
"GR","GRC","Greece","GR",15,1998
"GR","GRC","Greece","GR",10,1999
"GR","GRC","Greece","GR",40,2000
"GR","GRC","Greece","GR",17,2001
"GR","GRC","Greece","GR",19,2002
"GR","GRC","Greece","GR",75,2003
"GR","GRC","Greece","GR",42,2004
"GR","GRC","Greece","GR",82,2005
"GR","GRC","Greece","GR",50,2006
"GR","GRC","Greece","GR",75,2007
"GR","GRC","Greece","GR",85,2008
"GR","GRC","Greece","GR",27,2009
"GR","GRC","Greece","GR",19,2010
"GR","GRC","Greece","GR",12,2011
"GR","GRC","Greece","GR",12,2012
"HK","HKG","Hong Kong","HK",13,1987
"HK","HKG","Hong Kong","HK",12,1997
"HK","HKG","Hong Kong","HK",14,1999
"HK","HKG","Hong Kong","HK",12,2000
"HK","HKG","Hong Kong","HK",23,2003
"HK","HKG","Hong Kong","HK",10,2004
"HK","HKG","Hong Kong","HK",13,2005
"HK","HKG","Hong Kong","HK",13,2010
"HR","HRV","Croatia","HR",6,1974
"HR","HRV","Croatia","HR",9,1975
"HR","HRV","Croatia","HR",17,1996
"HR","HRV","Croatia","HR",34,1997
"HR","HRV","Croatia","HR",44,2000
"HR","HRV","Croatia","HR",36,2001
"HR","HRV","Croatia","HR",35,2002
"HR","HRV","Croatia","HR",10,2004
"HR","HRV","Croatia","HR",103,2005
"HR","HRV","Croatia","HR",12,2007
"HR","HRV","Croatia","HR",34,2008
"HR","HRV","Croatia","HR",12,2011
"HU","HUN","Hungary","HU",10,1980
"HU","HUN","Hungary","HU",10,1987
"HU","HUN","Hungary","HU",21,1989
"HU","HUN","Hungary","HU",81,1990
"HU","HUN","Hungary","HU",48,1991
"HU","HUN","Hungary","HU",48,1992
"HU","HUN","Hungary","HU",93,1993
"HU","HUN","Hungary","HU",88,1994
"HU","HUN","Hungary","HU",73,1995
"HU","HUN","Hungary","HU",90,1996
"HU","HUN","Hungary","HU",81,1997
"HU","HUN","Hungary","HU",66,1998
"HU","HUN","Hungary","HU",104,1999
"HU","HUN","Hungary","HU",48,2000
"HU","HUN","Hungary","HU",73,2001
"HU","HUN","Hungary","HU",45,2002
"HU","HUN","Hungary","HU",102,2003
"HU","HUN","Hungary","HU",150,2004
"HU","HUN","Hungary","HU",53,2005
"HU","HUN","Hungary","HU",87,2006
"HU","HUN","Hungary","HU",45,2007
"HU","HUN","Hungary","HU",58,2008
"HU","HUN","Hungary","HU",53,2009
"HU","HUN","Hungary","HU",25,2010
"HU","HUN","Hungary","HU",45,2011
"HU","HUN","Hungary","HU",12,2012
"ID","IDN","Indonesia","ID",10,1999
"ID","IDN","Indonesia","ID",12,2000
"ID","IDN","Indonesia","ID",14,2002
"ID","IDN","Indonesia","ID",10,2003
"ID","IDN","Indonesia","ID",12,2004
"ID","IDN","Indonesia","ID",31,2006
"ID","IDN","Indonesia","ID",20,2008
"ID","IDN","Indonesia","ID",12,2009
"IE","IRL","Ireland","IE",12,1972
"IE","IRL","Ireland","IE",13,1973
"IE","IRL","Ireland","IE",21,1975
"IE","IRL","Ireland","IE",20,1976
"IE","IRL","Ireland","IE",9,1977
"IE","IRL","Ireland","IE",12,1978
"IE","IRL","Ireland","IE",9,1979
"IE","IRL","Ireland","IE",19,1980
"IE","IRL","Ireland","IE",11,1981
"IE","IRL","Ireland","IE",14,1983
"IE","IRL","Ireland","IE",22,1984
"IE","IRL","Ireland","IE",22,1985
"IE","IRL","Ireland","IE",11,1988
"IE","IRL","Ireland","IE",37,1989
"IE","IRL","Ireland","IE",4,1990
"IE","IRL","Ireland","IE",22,1991
"IE","IRL","Ireland","IE",37,1992
"IE","IRL","Ireland","IE",22,1993
"IE","IRL","Ireland","IE",30,1994
"IE","IRL","Ireland","IE",42,1995
"IE","IRL","Ireland","IE",57,1996
"IE","IRL","Ireland","IE",12,1997
"IE","IRL","Ireland","IE",60,1998
"IE","IRL","Ireland","IE",25,2000
"IE","IRL","Ireland","IE",16,2001
"IE","IRL","Ireland","IE",41,2002
"IE","IRL","Ireland","IE",21,2003
"IE","IRL","Ireland","IE",72,2005
"IE","IRL","Ireland","IE",40,2006
"IE","IRL","Ireland","IE",47,2007
"IE","IRL","Ireland","IE",22,2008
"IE","IRL","Ireland","IE",25,2009
"IE","IRL","Ireland","IE",9,2010
"IE","IRL","Ireland","IE",58,2011
"IE","IRL","Ireland","IE",4,2014
"IL","ISR","Israel","IL",13,1975
"IL","ISR","Israel","IL",3,1992
"IL","ISR","Israel","IL",9,1996
"IL","ISR","Israel","IL",8,1997
"IL","ISR","Israel","IL",9,1999
"IL","ISR","Israel","IL",15,2000
"IL","ISR","Israel","IL",9,2001
"IL","ISR","Israel","IL",10,2004
"IL","ISR","Israel","IL",9,2005
"IL","ISR","Israel","IL",11,2006
"IL","ISR","Israel","IL",23,2007
"IL","ISR","Israel","IL",16,2008
"IL","ISR","Israel","IL",34,2009
"IL","ISR","Israel","IL",8,2010
"IL","ISR","Israel","IL",13,2011
"IN","IND","India","IN",10,2000
"IN","IND","India","IN",11,2004
"IN","IND","India","IN",5,2005
"IN","IND","India","IN",19,2006
"IN","IND","India","IN",8,2007
"IN","IND","India","IN",10,2009
"IN","IND","India","IN",7,2010
"IN","IND","India","IN",12,2012
"IR","IRN","Iran","IR",9,2007
"IS","ISL","Iceland","IS",12,1994
"IS","ISL","Iceland","IS",10,1995
"IS","ISL","Iceland","IS",20,1996
"IS","ISL","Iceland","IS",12,1997
"IS","ISL","Iceland","IS",11,1998
"IS","ISL","Iceland","IS",24,1999
"IS","ISL","Iceland","IS",10,2000
"IS","ISL","Iceland","IS",11,2002
"IS","ISL","Iceland","IS",10,2003
"IS","ISL","Iceland","IS",28,2004
"IS","ISL","Iceland","IS",12,2005
"IS","ISL","Iceland","IS",24,2007
"IS","ISL","Iceland","IS",55,2008
"IS","ISL","Iceland","IS",11,2009
"IS","ISL","Iceland","IS",33,2010
"IT","ITA","Italy","IT",12,1959
"IT","ITA","Italy","IT",48,1963
"IT","ITA","Italy","IT",12,1964
"IT","ITA","Italy","IT",12,1965
"IT","ITA","Italy","IT",10,1966
"IT","ITA","Italy","IT",10,1967
"IT","ITA","Italy","IT",29,1968
"IT","ITA","Italy","IT",67,1970
"IT","ITA","Italy","IT",71,1971
"IT","ITA","Italy","IT",100,1972
"IT","ITA","Italy","IT",120,1973
"IT","ITA","Italy","IT",92,1974
"IT","ITA","Italy","IT",84,1975
"IT","ITA","Italy","IT",85,1976
"IT","ITA","Italy","IT",48,1977
"IT","ITA","Italy","IT",90,1978
"IT","ITA","Italy","IT",75,1979
"IT","ITA","Italy","IT",61,1980
"IT","ITA","Italy","IT",67,1981
"IT","ITA","Italy","IT",89,1982
"IT","ITA","Italy","IT",79,1983
"IT","ITA","Italy","IT",48,1984
"IT","ITA","Italy","IT",91,1985
"IT","ITA","Italy","IT",46,1986
"IT","ITA","Italy","IT",90,1987
"IT","ITA","Italy","IT",122,1988
"IT","ITA","Italy","IT",85,1989
"IT","ITA","Italy","IT",99,1990
"IT","ITA","Italy","IT",174,1991
"IT","ITA","Italy","IT",227,1992
"IT","ITA","Italy","IT",215,1993
"IT","ITA","Italy","IT",225,1994
"IT","ITA","Italy","IT",315,1995
"IT","ITA","Italy","IT",283,1996
"IT","ITA","Italy","IT",390,1997
"IT","ITA","Italy","IT",381,1998
"IT","ITA","Italy","IT",387,1999
"IT","ITA","Italy","IT",438,2000
"IT","ITA","Italy","IT",458,2001
"IT","ITA","Italy","IT",476,2002
"IT","ITA","Italy","IT",486,2003
"IT","ITA","Italy","IT",532,2004
"IT","ITA","Italy","IT",502,2005
"IT","ITA","Italy","IT",529,2006
"IT","ITA","Italy","IT",498,2007
"IT","ITA","Italy","IT",533,2008
"IT","ITA","Italy","IT",301,2009
"IT","ITA","Italy","IT",339,2010
"IT","ITA","Italy","IT",245,2011
"IT","ITA","Italy","IT",50,2012
"IT","ITA","Italy","IT",41,2013
"IT","ITA","Italy","IT",13,2015
"JM","JAM","Jamaica","JM",12,1972
"JM","JAM","Jamaica","JM",24,1973
"JM","JAM","Jamaica","JM",10,1978
"JM","JAM","Jamaica","JM",22,1979
"JM","JAM","Jamaica","JM",27,1980
"JM","JAM","Jamaica","JM",16,1992
"JM","JAM","Jamaica","JM",14,1994
"JM","JAM","Jamaica","JM",12,1998
"JM","JAM","Jamaica","JM",14,2006
"JM","JAM","Jamaica","JM",21,2007
"JP","JPN","Japan","JP",11,1956
"JP","JPN","Japan","JP",11,1958
"JP","JPN","Japan","JP",10,1960
"JP","JPN","Japan","JP",8,1963
"JP","JPN","Japan","JP",26,1965
"JP","JPN","Japan","JP",39,1966
"JP","JPN","Japan","JP",34,1968
"JP","JPN","Japan","JP",10,1969
"JP","JPN","Japan","JP",42,1970
"JP","JPN","Japan","JP",28,1971
"JP","JPN","Japan","JP",14,1972
"JP","JPN","Japan","JP",54,1973
"JP","JPN","Japan","JP",38,1974
"JP","JPN","Japan","JP",59,1975
"JP","JPN","Japan","JP",34,1976
"JP","JPN","Japan","JP",75,1977
"JP","JPN","Japan","JP",32,1978
"JP","JPN","Japan","JP",48,1979
"JP","JPN","Japan","JP",32,1980
"JP","JPN","Japan","JP",88,1981
"JP","JPN","Japan","JP",20,1982
"JP","JPN","Japan","JP",60,1983
"JP","JPN","Japan","JP",36,1984
"JP","JPN","Japan","JP",32,1985
"JP","JPN","Japan","JP",86,1986
"JP","JPN","Japan","JP",76,1987
"JP","JPN","Japan","JP",78,1988
"JP","JPN","Japan","JP",85,1989
"JP","JPN","Japan","JP",49,1990
"JP","JPN","Japan","JP",100,1991
"JP","JPN","Japan","JP",174,1992
"JP","JPN","Japan","JP",204,1993
"JP","JPN","Japan","JP",335,1994
"JP","JPN","Japan","JP",220,1995
"JP","JPN","Japan","JP",364,1996
"JP","JPN","Japan","JP",408,1997
"JP","JPN","Japan","JP",590,1998
"JP","JPN","Japan","JP",505,1999
"JP","JPN","Japan","JP",628,2000
"JP","JPN","Japan","JP",680,2001
"JP","JPN","Japan","JP",782,2002
"JP","JPN","Japan","JP",1026,2003
"JP","JPN","Japan","JP",797,2004
"JP","JPN","Japan","JP",888,2005
"JP","JPN","Japan","JP",1039,2006
"JP","JPN","Japan","JP",1055,2007
"JP","JPN","Japan","JP",618,2008
"JP","JPN","Japan","JP",762,2009
"JP","JPN","Japan","JP",465,2010
"JP","JPN","Japan","JP",347,2011
"JP","JPN","Japan","JP",106,2012
"JP","JPN","Japan","JP",130,2013
"JP","JPN","Japan","JP",51,2014
"JP","JPN","Japan","JP",38,2015
"KR","KIR","Kiribati","KI",11,1967
"KR","KIR","Kiribati","KI",7,1995
"KR","KIR","Kiribati","KI",19,2001
"KR","KIR","Kiribati","KI",5,2002
"KR","KIR","Kiribati","KI",33,2006
"KR","KIR","Kiribati","KI",4,2007
"KR","KIR","Kiribati","KI",6,2008
"KR","KIR","Kiribati","KI",30,2009
"KR","KIR","Kiribati","KI",19,2010
"KR","KIR","Kiribati","KI",31,2012
"LI","LBR","Liberia","LR",36,1997
"LT","LSO","Lesotho","LS",9,1989
"LT","LSO","Lesotho","LS",11,1990
"LT","LSO","Lesotho","LS",22,1991
"LT","LSO","Lesotho","LS",31,1992
"LT","LSO","Lesotho","LS",21,1993
"LT","LSO","Lesotho","LS",113,1994
"LT","LSO","Lesotho","LS",40,1995
"LT","LSO","Lesotho","LS",75,1996
"LT","LSO","Lesotho","LS",54,1997
"LT","LSO","Lesotho","LS",44,1998
"LT","LSO","Lesotho","LS",41,1999
"LT","LSO","Lesotho","LS",40,2000
"LT","LSO","Lesotho","LS",37,2001
"LT","LSO","Lesotho","LS",90,2002
"LT","LSO","Lesotho","LS",74,2003
"LT","LSO","Lesotho","LS",84,2004
"LT","LSO","Lesotho","LS",65,2005
"LT","LSO","Lesotho","LS",123,2006
"LT","LSO","Lesotho","LS",96,2007
"LT","LSO","Lesotho","LS",69,2008
"LT","LSO","Lesotho","LS",57,2009
"LT","LSO","Lesotho","LS",53,2010
"LT","LSO","Lesotho","LS",10,2011
"LU","LUX","Luxembourg","LU",7,1996
"LV","LVA","Latvia","LV",10,1984
"LV","LVA","Latvia","LV",9,1988
"LV","LVA","Latvia","LV",13,1995
"LV","LVA","Latvia","LV",26,1996
"LV","LVA","Latvia","LV",46,1997
"LV","LVA","Latvia","LV",23,1998
"LV","LVA","Latvia","LV",25,2000
"LV","LVA","Latvia","LV",25,2001
"LV","LVA","Latvia","LV",27,2002
"LV","LVA","Latvia","LV",27,2003
"LV","LVA","Latvia","LV",9,2004
"LV","LVA","Latvia","LV",10,2005
"LV","LVA","Latvia","LV",41,2006
"LV","LVA","Latvia","LV",21,2007
"LV","LVA","Latvia","LV",13,2009
"LV","LVA","Latvia","LV",37,2010
"LV","LVA","Latvia","LV",10,2011
"LV","LVA","Latvia","LV",13,2012
"MK","MKD","Macedonia, the former Yugoslav Republic of","MK",12,1994
"MK","MKD","Macedonia, the former Yugoslav Republic of","MK",10,2009
"ML","MLI","Mali","ML",9,1995
"MX","MEX","Mexico","MX",12,1969
"MX","MEX","Mexico","MX",12,1970
"MX","MEX","Mexico","MX",23,1972
"MX","MEX","Mexico","MX",10,1973
"MX","MEX","Mexico","MX",12,1974
"MX","MEX","Mexico","MX",12,1975
"MX","MEX","Mexico","MX",12,1976
"MX","MEX","Mexico","MX",10,1977
"MX","MEX","Mexico","MX",12,1978
"MX","MEX","Mexico","MX",20,1979
"MX","MEX","Mexico","MX",17,1980
"MX","MEX","Mexico","MX",12,1981
"MX","MEX","Mexico","MX",11,1983
"MX","MEX","Mexico","MX",24,1985
"MX","MEX","Mexico","MX",9,1986
"MX","MEX","Mexico","MX",20,1987
"MX","MEX","Mexico","MX",32,1988
"MX","MEX","Mexico","MX",84,1990
"MX","MEX","Mexico","MX",54,1991
"MX","MEX","Mexico","MX",124,1992
"MX","MEX","Mexico","MX",120,1993
"MX","MEX","Mexico","MX",161,1994
"MX","MEX","Mexico","MX",60,1995
"MX","MEX","Mexico","MX",119,1996
"MX","MEX","Mexico","MX",118,1997
"MX","MEX","Mexico","MX",68,1998
"MX","MEX","Mexico","MX",89,1999
"MX","MEX","Mexico","MX",85,2000
"MX","MEX","Mexico","MX",98,2001
"MX","MEX","Mexico","MX",153,2002
"MX","MEX","Mexico","MX",102,2003
"MX","MEX","Mexico","MX",132,2004
"MX","MEX","Mexico","MX",228,2005
"MX","MEX","Mexico","MX",191,2006
"MX","MEX","Mexico","MX",264,2007
"MX","MEX","Mexico","MX",236,2008
"MX","MEX","Mexico","MX",161,2009
"MX","MEX","Mexico","MX",128,2010
"MX","MEX","Mexico","MX",18,2011
"MX","MEX","Mexico","MX",54,2012
"MX","MEX","Mexico","MX",5,2013
"MX","MEX","Mexico","MX",12,2015
"MY","MYS","Malaysia","MY",6,1991
"MY","MYS","Malaysia","MY",12,1997
"MY","MYS","Malaysia","MY",13,1999
"MY","MYS","Malaysia","MY",10,2000
"MY","MYS","Malaysia","MY",17,2002
"MY","MYS","Malaysia","MY",10,2005
"MY","MYS","Malaysia","MY",5,2008
"MY","MYS","Malaysia","MY",11,2010
"MY","MYS","Malaysia","MY",21,2012
"NG","NGA","Nigeria","NG",1,1981
"NG","NGA","Nigeria","NG",15,2013
"NL","NLD","Netherlands","NL",10,1959
"NL","NLD","Netherlands","NL",12,1960
"NL","NLD","Netherlands","NL",15,1961
"NL","NLD","Netherlands","NL",30,1963
"NL","NLD","Netherlands","NL",12,1965
"NL","NLD","Netherlands","NL",12,1966
"NL","NLD","Netherlands","NL",14,1967
"NL","NLD","Netherlands","NL",42,1968
"NL","NLD","Netherlands","NL",32,1969
"NL","NLD","Netherlands","NL",47,1970
"NL","NLD","Netherlands","NL",7,1971
"NL","NLD","Netherlands","NL",62,1972
"NL","NLD","Netherlands","NL",91,1973
"NL","NLD","Netherlands","NL",20,1974
"NL","NLD","Netherlands","NL",133,1975
"NL","NLD","Netherlands","NL",55,1976
"NL","NLD","Netherlands","NL",80,1977
"NL","NLD","Netherlands","NL",20,1978
"NL","NLD","Netherlands","NL",48,1979
"NL","NLD","Netherlands","NL",143,1980
"NL","NLD","Netherlands","NL",66,1981
"NL","NLD","Netherlands","NL",108,1982
"NL","NLD","Netherlands","NL",100,1983
"NL","NLD","Netherlands","NL",54,1984
"NL","NLD","Netherlands","NL",63,1985
"NL","NLD","Netherlands","NL",56,1986
"NL","NLD","Netherlands","NL",125,1987
"NL","NLD","Netherlands","NL",78,1988
"NL","NLD","Netherlands","NL",81,1989
"NL","NLD","Netherlands","NL",97,1990
"NL","NLD","Netherlands","NL",60,1991
"NL","NLD","Netherlands","NL",143,1992
"NL","NLD","Netherlands","NL",172,1993
"NL","NLD","Netherlands","NL",263,1994
"NL","NLD","Netherlands","NL",331,1995
"NL","NLD","Netherlands","NL",297,1996
"NL","NLD","Netherlands","NL",248,1997
"NL","NLD","Netherlands","NL",221,1998
"NL","NLD","Netherlands","NL",244,1999
"NL","NLD","Netherlands","NL",400,2000
"NL","NLD","Netherlands","NL",351,2001
"NL","NLD","Netherlands","NL",415,2002
"NL","NLD","Netherlands","NL",440,2003
"NL","NLD","Netherlands","NL",295,2004
"NL","NLD","Netherlands","NL",277,2005
"NL","NLD","Netherlands","NL",383,2006
"NL","NLD","Netherlands","NL",367,2007
"NL","NLD","Netherlands","NL",318,2008
"NL","NLD","Netherlands","NL",186,2009
"NL","NLD","Netherlands","NL",97,2010
"NL","NLD","Netherlands","NL",131,2011
"NL","NLD","Netherlands","NL",50,2012
"NL","NLD","Netherlands","NL",40,2013
"NL","NLD","Netherlands","NL",18,2014
"NL","NLD","Netherlands","NL",26,2015
"NO","NOR","Norway","NO",14,1981
"NO","NOR","Norway","NO",10,1985
"NO","NOR","Norway","NO",26,1986
"NO","NOR","Norway","NO",39,1987
"NO","NOR","Norway","NO",22,1989
"NO","NOR","Norway","NO",49,1990
"NO","NOR","Norway","NO",44,1991
"NO","NOR","Norway","NO",41,1992
"NO","NOR","Norway","NO",93,1993
"NO","NOR","Norway","NO",96,1994
"NO","NOR","Norway","NO",176,1995
"NO","NOR","Norway","NO",187,1996
"NO","NOR","Norway","NO",190,1997
"NO","NOR","Norway","NO",150,1998
"NO","NOR","Norway","NO",172,1999
"NO","NOR","Norway","NO",132,2000
"NO","NOR","Norway","NO",207,2001
"NO","NOR","Norway","NO",186,2002
"NO","NOR","Norway","NO",131,2003
"NO","NOR","Norway","NO",243,2004
"NO","NOR","Norway","NO",163,2005
"NO","NOR","Norway","NO",199,2006
"NO","NOR","Norway","NO",233,2007
"NO","NOR","Norway","NO",251,2008
"NO","NOR","Norway","NO",120,2009
"NO","NOR","Norway","NO",53,2010
"NO","NOR","Norway","NO",86,2011
"NO","NOR","Norway","NO",44,2012
"NO","NOR","Norway","NO",26,2013
"NO","NOR","Norway","NO",8,2014
"NO","NOR","Norway","NO",12,2015
"NZ","NZL","New Zealand","NZ",4,1963
"NZ","NZL","New Zealand","NZ",16,1965
"NZ","NZL","New Zealand","NZ",14,1971
"NZ","NZL","New Zealand","NZ",10,1975
"NZ","NZL","New Zealand","NZ",5,1981
"NZ","NZL","New Zealand","NZ",12,1985
"NZ","NZL","New Zealand","NZ",12,1988
"NZ","NZL","New Zealand","NZ",17,1992
"NZ","NZL","New Zealand","NZ",8,1994
"NZ","NZL","New Zealand","NZ",22,1995
"NZ","NZL","New Zealand","NZ",11,1997
"NZ","NZL","New Zealand","NZ",25,1998
"NZ","NZL","New Zealand","NZ",24,1999
"NZ","NZL","New Zealand","NZ",83,2001
"NZ","NZL","New Zealand","NZ",96,2002
"NZ","NZL","New Zealand","NZ",85,2003
"NZ","NZL","New Zealand","NZ",113,2004
"NZ","NZL","New Zealand","NZ",65,2005
"NZ","NZL","New Zealand","NZ",63,2006
"NZ","NZL","New Zealand","NZ",34,2007
"NZ","NZL","New Zealand","NZ",24,2008
"NZ","NZL","New Zealand","NZ",62,2009
"NZ","NZL","New Zealand","NZ",6,2010
"NZ","NZL","New Zealand","NZ",46,2011
"PE","PER","Peru","PE",12,1993
"PE","PER","Peru","PE",12,1994
"PE","PER","Peru","PE",16,1997
"PE","PER","Peru","PE",12,1998
"PE","PER","Peru","PE",22,1999
"PE","PER","Peru","PE",12,2000
"PE","PER","Peru","PE",14,2002
"PE","PER","Peru","PE",12,2003
"PE","PER","Peru","PE",19,2004
"PE","PER","Peru","PE",13,2007
"PE","PER","Peru","PE",10,2009
"PH","PHL","Philippines","PH",12,1993
"PH","PHL","Philippines","PH",28,1994
"PH","PHL","Philippines","PH",17,1995
"PH","PHL","Philippines","PH",26,1996
"PH","PHL","Philippines","PH",84,1997
"PH","PHL","Philippines","PH",38,1999
"PH","PHL","Philippines","PH",25,2000
"PH","PHL","Philippines","PH",33,2001
"PH","PHL","Philippines","PH",14,2002
"PH","PHL","Philippines","PH",11,2003
"PH","PHL","Philippines","PH",38,2004
"PH","PHL","Philippines","PH",117,2005
"PH","PHL","Philippines","PH",77,2006
"PH","PHL","Philippines","PH",22,2007
"PH","PHL","Philippines","PH",28,2008
"PH","PHL","Philippines","PH",10,2009
"PH","PHL","Philippines","PH",12,2010
"PK","PAK","Pakistan","PK",12,2008
"PL","POL","Poland","PL",10,1970
"PL","POL","Poland","PL",26,1971
"PL","POL","Poland","PL",8,1972
"PL","POL","Poland","PL",10,1974
"PL","POL","Poland","PL",6,1976
"PL","POL","Poland","PL",34,1979
"PL","POL","Poland","PL",40,1980
"PL","POL","Poland","PL",77,1981
"PL","POL","Poland","PL",26,1982
"PL","POL","Poland","PL",42,1983
"PL","POL","Poland","PL",86,1984
"PL","POL","Poland","PL",36,1985
"PL","POL","Poland","PL",61,1986
"PL","POL","Poland","PL",60,1987
"PL","POL","Poland","PL",40,1988
"PL","POL","Poland","PL",112,1989
"PL","POL","Poland","PL",126,1990
"PL","POL","Poland","PL",156,1991
"PL","POL","Poland","PL",187,1992
"PL","POL","Poland","PL",189,1993
"PL","POL","Poland","PL",281,1994
"PL","POL","Poland","PL",284,1995
"PL","POL","Poland","PL",348,1996
"PL","POL","Poland","PL",250,1997
"PL","POL","Poland","PL",375,1998
"PL","POL","Poland","PL",331,1999
"PL","POL","Poland","PL",329,2000
"PL","POL","Poland","PL",307,2001
"PL","POL","Poland","PL",382,2002
"PL","POL","Poland","PL",401,2003
"PL","POL","Poland","PL",419,2004
"PL","POL","Poland","PL",460,2005
"PL","POL","Poland","PL",242,2006
"PL","POL","Poland","PL",357,2007
"PL","POL","Poland","PL",376,2008
"PL","POL","Poland","PL",382,2009
"PL","POL","Poland","PL",280,2010
"PL","POL","Poland","PL",213,2011
"PL","POL","Poland","PL",90,2012
"PL","POL","Poland","PL",13,2014
"PR","PRI","Puerto Rico","PR",11,1995
"PR","PRI","Puerto Rico","PR",12,1998
"PR","PRI","Puerto Rico","PR",13,1999
"PR","PRI","Puerto Rico","PR",21,2000
"PR","PRI","Puerto Rico","PR",28,2002
"PR","PRI","Puerto Rico","PR",19,2004
"PR","PRI","Puerto Rico","PR",53,2005
"PR","PRI","Puerto Rico","PR",28,2007
"PR","PRI","Puerto Rico","PR",10,2008
"PR","PRI","Puerto Rico","PR",14,2009
"PR","PRI","Puerto Rico","PR",12,2010
"PT","PRT","Portugal","PT",11,1970
"PT","PRT","Portugal","PT",10,1972
"PT","PRT","Portugal","PT",11,1974
"PT","PRT","Portugal","PT",11,1976
"PT","PRT","Portugal","PT",10,1978
"PT","PRT","Portugal","PT",10,1979
"PT","PRT","Portugal","PT",11,1981
"PT","PRT","Portugal","PT",14,1982
"PT","PRT","Portugal","PT",12,1983
"PT","PRT","Portugal","PT",18,1985
"PT","PRT","Portugal","PT",11,1986
"PT","PRT","Portugal","PT",23,1987
"PT","PRT","Portugal","PT",12,1988
"PT","PRT","Portugal","PT",10,1989
"PT","PRT","Portugal","PT",24,1990
"PT","PRT","Portugal","PT",115,1992
"PT","PRT","Portugal","PT",30,1993
"PT","PRT","Portugal","PT",32,1994
"PT","PRT","Portugal","PT",26,1995
"PT","PRT","Portugal","PT",77,1996
"PT","PRT","Portugal","PT",66,1997
"PT","PRT","Portugal","PT",111,1998
"PT","PRT","Portugal","PT",61,1999
"PT","PRT","Portugal","PT",77,2000
"PT","PRT","Portugal","PT",60,2001
"PT","PRT","Portugal","PT",55,2002
"PT","PRT","Portugal","PT",143,2003
"PT","PRT","Portugal","PT",116,2004
"PT","PRT","Portugal","PT",118,2005
"PT","PRT","Portugal","PT",69,2006
"PT","PRT","Portugal","PT",191,2007
"PT","PRT","Portugal","PT",191,2008
"PT","PRT","Portugal","PT",170,2009
"PT","PRT","Portugal","PT",106,2010
"PT","PRT","Portugal","PT",90,2011
"PT","PRT","Portugal","PT",17,2012
"PT","PRT","Portugal","PT",9,2013
"RE","REU","Reunion","RE",11,1990
"RE","REU","Reunion","RE",10,1992
"RE","REU","Reunion","RE",9,1995
"RE","REU","Reunion","RE",16,2007
"RO","ROU","Romania","RO",13,1995
"RO","ROU","Romania","RO",19,1996
"RO","ROU","Romania","RO",23,1997
"RO","ROU","Romania","RO",5,1998
"RO","ROU","Romania","RO",44,1999
"RO","ROU","Romania","RO",34,2000
"RO","ROU","Romania","RO",29,2001
"RO","ROU","Romania","RO",66,2002
"RO","ROU","Romania","RO",42,2003
"RO","ROU","Romania","RO",94,2004
"RO","ROU","Romania","RO",68,2005
"RO","ROU","Romania","RO",65,2006
"RO","ROU","Romania","RO",25,2007
"RO","ROU","Romania","RO",43,2008
"RO","ROU","Romania","RO",70,2009
"RO","ROU","Romania","RO",9,2010
"RO","ROU","Romania","RO",23,2011
"RO","ROU","Romania","RO",14,2015
"RS","SRB","Serbia","RS",16,1997
"RS","SRB","Serbia","RS",16,1999
"RS","SRB","Serbia","RS",11,2002
"RS","SRB","Serbia","RS",16,2003
"RS","SRB","Serbia","RS",12,2004
"RS","SRB","Serbia","RS",4,2005
"RS","SRB","Serbia","RS",10,2006
"RS","SRB","Serbia","RS",11,2007
"RS","SRB","Serbia","RS",7,2008
"RS","SRB","Serbia","RS",15,2009
"RS","SRB","Serbia","RS",7,2012
"RS","SRB","Serbia","RS",11,2013
"RU","RUS","Russia","RU",12,1969
"RU","RUS","Russia","RU",10,1978
"RU","RUS","Russia","RU",10,1980
"RU","RUS","Russia","RU",8,1987
"RU","RUS","Russia","RU",8,1996
"RU","RUS","Russia","RU",45,1997
"RU","RUS","Russia","RU",42,1998
"RU","RUS","Russia","RU",117,1999
"RU","RUS","Russia","RU",65,2000
"RU","RUS","Russia","RU",99,2001
"RU","RUS","Russia","RU",149,2002
"RU","RUS","Russia","RU",165,2003
"RU","RUS","Russia","RU",283,2004
"RU","RUS","Russia","RU",194,2005
"RU","RUS","Russia","RU",245,2006
"RU","RUS","Russia","RU",420,2007
"RU","RUS","Russia","RU",187,2008
"RU","RUS","Russia","RU",308,2009
"RU","RUS","Russia","RU",212,2010
"RU","RUS","Russia","RU",61,2011
"RU","RUS","Russia","RU",80,2012
"RU","RUS","Russia","RU",22,2013
"RU","RUS","Russia","RU",24,2014
"SA","SAU","Saudi Arabia","SA",16,1997
"SE","SYC","Seychelles","SC",10,1958
"SE","SYC","Seychelles","SC",28,1970
"SE","SYC","Seychelles","SC",54,1971
"SE","SYC","Seychelles","SC",79,1972
"SE","SYC","Seychelles","SC",27,1973
"SE","SYC","Seychelles","SC",50,1974
"SE","SYC","Seychelles","SC",53,1975
"SE","SYC","Seychelles","SC",41,1976
"SE","SYC","Seychelles","SC",41,1977
"SE","SYC","Seychelles","SC",30,1978
"SE","SYC","Seychelles","SC",87,1979
"SE","SYC","Seychelles","SC",72,1980
"SE","SYC","Seychelles","SC",35,1981
"SE","SYC","Seychelles","SC",54,1982
"SE","SYC","Seychelles","SC",61,1983
"SE","SYC","Seychelles","SC",84,1984
"SE","SYC","Seychelles","SC",66,1985
"SE","SYC","Seychelles","SC",68,1986
"SE","SYC","Seychelles","SC",123,1987
"SE","SYC","Seychelles","SC",94,1988
"SE","SYC","Seychelles","SC",145,1989
"SE","SYC","Seychelles","SC",96,1990
"SE","SYC","Seychelles","SC",119,1991
"SE","SYC","Seychelles","SC",166,1992
"SE","SYC","Seychelles","SC",285,1993
"SE","SYC","Seychelles","SC",421,1994
"SE","SYC","Seychelles","SC",496,1995
"SE","SYC","Seychelles","SC",425,1996
"SE","SYC","Seychelles","SC",414,1997
"SE","SYC","Seychelles","SC",524,1998
"SE","SYC","Seychelles","SC",446,1999
"SE","SYC","Seychelles","SC",462,2000
"SE","SYC","Seychelles","SC",540,2001
"SE","SYC","Seychelles","SC",669,2002
"SE","SYC","Seychelles","SC",809,2003
"SE","SYC","Seychelles","SC",926,2004
"SE","SYC","Seychelles","SC",772,2005
"SE","SYC","Seychelles","SC",732,2006
"SE","SYC","Seychelles","SC",767,2007
"SE","SYC","Seychelles","SC",593,2008
"SE","SYC","Seychelles","SC",598,2009
"SE","SYC","Seychelles","SC",394,2010
"SE","SYC","Seychelles","SC",280,2011
"SE","SYC","Seychelles","SC",73,2012
"SE","SYC","Seychelles","SC",33,2013
"SE","SYC","Seychelles","SC",44,2014
"SG","SEN","Senegal","SN",8,1999
"SG","SEN","Senegal","SN",28,2001
"SG","SEN","Senegal","SN",11,2003
"SG","SEN","Senegal","SN",5,2007
"SG","SEN","Senegal","SN",11,2009
"SG","SEN","Senegal","SN",9,2010
"SI","SVN","Slovenia","SI",9,1991
"SI","SVN","Slovenia","SI",9,1992
"SI","SVN","Slovenia","SI",12,1993
"SI","SVN","Slovenia","SI",32,1994
"SI","SVN","Slovenia","SI",11,1995
"SI","SVN","Slovenia","SI",23,1996
"SI","SVN","Slovenia","SI",12,1997
"SI","SVN","Slovenia","SI",14,1999
"SI","SVN","Slovenia","SI",28,2000
"SI","SVN","Slovenia","SI",32,2001
"SI","SVN","Slovenia","SI",35,2004
"SI","SVN","Slovenia","SI",13,2005
"SI","SVN","Slovenia","SI",30,2006
"SI","SVN","Slovenia","SI",29,2007
"SI","SVN","Slovenia","SI",14,2008
"SI","SVN","Slovenia","SI",12,2009
"SI","SVN","Slovenia","SI",9,2010
"SK","SVK","Slovakia","SK",28,1994
"SK","SVK","Slovakia","SK",12,1996
"SK","SVK","Slovakia","SK",28,1997
"SK","SVK","Slovakia","SK",23,1999
"SK","SVK","Slovakia","SK",46,2000
"SK","SVK","Slovakia","SK",13,2001
"SK","SVK","Slovakia","SK",39,2002
"SK","SVK","Slovakia","SK",41,2003
"SK","SVK","Slovakia","SK",37,2004
"SK","SVK","Slovakia","SK",27,2005
"SK","SVK","Slovakia","SK",10,2006
"SK","SVK","Slovakia","SK",73,2007
"SK","SVK","Slovakia","SK",11,2009
"SK","SVK","Slovakia","SK",40,2010
"SU","SDN","Sudan","SD",9,1986
"SU","SDN","Sudan","SD",9,1989
"SU","SDN","Sudan","SD",9,1990
"TH","THA","Thailand","TH",9,2004
"TR","TUR","Turkey","TR",8,1974
"TR","TUR","Turkey","TR",10,1977
"TR","TUR","Turkey","TR",21,1978
"TR","TUR","Turkey","TR",10,1980
"TR","TUR","Turkey","TR",10,1981
"TR","TUR","Turkey","TR",18,1982
"TR","TUR","Turkey","TR",11,1984
"TR","TUR","Turkey","TR",24,1986
"TR","TUR","Turkey","TR",12,1988
"TR","TUR","Turkey","TR",26,1989
"TR","TUR","Turkey","TR",11,1990
"TR","TUR","Turkey","TR",10,1991
"TR","TUR","Turkey","TR",23,1992
"TR","TUR","Turkey","TR",55,1993
"TR","TUR","Turkey","TR",47,1994
"TR","TUR","Turkey","TR",43,1995
"TR","TUR","Turkey","TR",54,1996
"TR","TUR","Turkey","TR",44,1997
"TR","TUR","Turkey","TR",75,1998
"TR","TUR","Turkey","TR",68,1999
"TR","TUR","Turkey","TR",71,2000
"TR","TUR","Turkey","TR",90,2001
"TR","TUR","Turkey","TR",119,2002
"TR","TUR","Turkey","TR",98,2003
"TR","TUR","Turkey","TR",179,2004
"TR","TUR","Turkey","TR",66,2005
"TR","TUR","Turkey","TR",210,2006
"TR","TUR","Turkey","TR",117,2007
"TR","TUR","Turkey","TR",119,2008
"TR","TUR","Turkey","TR",178,2009
"TR","TUR","Turkey","TR",44,2010
"TR","TUR","Turkey","TR",58,2011
"TR","TUR","Turkey","TR",15,2012
"TR","TUR","Turkey","TR",12,2013
"TW","TWN","Taiwan","TW",10,1998
"TW","TWN","Taiwan","TW",10,2000
"TW","TWN","Taiwan","TW",30,2002
"TW","TWN","Taiwan","TW",20,2003
"TW","TWN","Taiwan","TW",3,2005
"TW","TWN","Taiwan","TW",25,2006
"TW","TWN","Taiwan","TW",38,2007
"TW","TWN","Taiwan","TW",16,2009
"TW","TWN","Taiwan","TW",10,2010
"TW","TWN","Taiwan","TW",56,2011
"TZ","TZA","Tanzania, United Republic of","TZ",8,2008
"TZ","TZA","Tanzania, United Republic of","TZ",20,2014
"UA","UKR","Ukraine","UA",14,1997
"UA","UKR","Ukraine","UA",20,1999
"UA","UKR","Ukraine","UA",15,2002
"UA","UKR","Ukraine","UA",11,2004
"UA","UKR","Ukraine","UA",13,2005
"UA","UKR","Ukraine","UA",11,2006
"UA","UKR","Ukraine","UA",10,2008
"UA","UKR","Ukraine","UA",21,2009
"UA","UKR","Ukraine","UA",29,2010
"UA","UKR","Ukraine","UA",28,2011
"UA","UKR","Ukraine","UA",1,2012
"UM","UMI","United States Minor Outlying Islands","UM",12,2006
"US","USA","United States Of America","US",14,1928
"US","USA","United States Of America","US",2,1935
"US","USA","United States Of America","US",18,1946
"US","USA","United States Of America","US",36,1949
"US","USA","United States Of America","US",8,1950
"US","USA","United States Of America","US",3,1951
"US","USA","United States Of America","US",8,1952
"US","USA","United States Of America","US",55,1953
"US","USA","United States Of America","US",111,1954
"US","USA","United States Of America","US",104,1955
"US","USA","United States Of America","US",513,1956
"US","USA","United States Of America","US",347,1957
"US","USA","United States Of America","US",354,1958
"US","USA","United States Of America","US",462,1959
"US","USA","United States Of America","US",441,1960
"US","USA","United States Of America","US",682,1961
"US","USA","United States Of America","US",860,1962
"US","USA","United States Of America","US",528,1963
"US","USA","United States Of America","US",758,1964
"US","USA","United States Of America","US",1091,1965
"US","USA","United States Of America","US",1197,1966
"US","USA","United States Of America","US",1294,1967
"US","USA","United States Of America","US",1625,1968
"US","USA","United States Of America","US",1544,1969
"US","USA","United States Of America","US",1859,1970
"US","USA","United States Of America","US",1857,1971
"US","USA","United States Of America","US",1833,1972
"US","USA","United States Of America","US",1891,1973
"US","USA","United States Of America","US",1758,1974
"US","USA","United States Of America","US",1982,1975
"US","USA","United States Of America","US",1934,1976
"US","USA","United States Of America","US",1918,1977
"US","USA","United States Of America","US",1954,1978
"US","USA","United States Of America","US",1881,1979
"US","USA","United States Of America","US",1911,1980
"US","USA","United States Of America","US",2125,1981
"US","USA","United States Of America","US",2310,1982
"US","USA","United States Of America","US",2209,1983
"US","USA","United States Of America","US",2384,1984
"US","USA","United States Of America","US",2149,1985
"US","USA","United States Of America","US",2672,1986
"US","USA","United States Of America","US",3076,1987
"US","USA","United States Of America","US",3741,1988
"US","USA","United States Of America","US",4383,1989
"US","USA","United States Of America","US",5096,1990
"US","USA","United States Of America","US",6196,1991
"US","USA","United States Of America","US",7142,1992
"US","USA","United States Of America","US",7948,1993
"US","USA","United States Of America","US",8342,1994
"US","USA","United States Of America","US",8972,1995
"US","USA","United States Of America","US",10765,1996
"US","USA","United States Of America","US",11143,1997
"US","USA","United States Of America","US",11686,1998
"US","USA","United States Of America","US",11366,1999
"US","USA","United States Of America","US",12268,2000
"US","USA","United States Of America","US",12460,2001
"US","USA","United States Of America","US",13349,2002
"US","USA","United States Of America","US",14985,2003
"US","USA","United States Of America","US",14798,2004
"US","USA","United States Of America","US",14724,2005
"US","USA","United States Of America","US",15393,2006
"US","USA","United States Of America","US",14881,2007
"US","USA","United States Of America","US",14079,2008
"US","USA","United States Of America","US",12212,2009
"US","USA","United States Of America","US",10156,2010
"US","USA","United States Of America","US",6366,2011
"US","USA","United States Of America","US",4045,2012
"US","USA","United States Of America","US",1370,2013
"US","USA","United States Of America","US",678,2014
"US","USA","United States Of America","US",576,2015
"US","USA","United States Of America","US",30,2016
"UY","URY","Uruguay","UY",6,1984
"UY","URY","Uruguay","UY",12,1986
"UY","URY","Uruguay","UY",12,1988
"UY","URY","Uruguay","UY",10,1991
"UY","URY","Uruguay","UY",18,1994
"UY","URY","Uruguay","UY",15,1995
"UY","URY","Uruguay","UY",18,1996
"UY","URY","Uruguay","UY",12,1998
"UY","URY","Uruguay","UY",12,1999
"UY","URY","Uruguay","UY",14,2000
"UY","URY","Uruguay","UY",12,2002
"UY","URY","Uruguay","UY",10,2003
"UY","URY","Uruguay","UY",48,2004
"UY","URY","Uruguay","UY",12,2005
"UY","URY","Uruguay","UY",38,2006
"UY","URY","Uruguay","UY",11,2008
"UY","URY","Uruguay","UY",12,2009
"UY","URY","Uruguay","UY",13,2011
"UY","URY","Uruguay","UY",12,2012
"VE","VEN","Venezuela","VE",12,1964
"VE","VEN","Venezuela","VE",9,1984
"VE","VEN","Venezuela","VE",4,1986
"VE","VEN","Venezuela","VE",10,1992
"VE","VEN","Venezuela","VE",20,1995
"VE","VEN","Venezuela","VE",12,1996
"VE","VEN","Venezuela","VE",11,2002
"VE","VEN","Venezuela","VE",14,2003
"VE","VEN","Venezuela","VE",29,2004
"VE","VEN","Venezuela","VE",10,2006
"VE","VEN","Venezuela","VE",16,2007
"VE","VEN","Venezuela","VE",12,2008
"VE","VEN","Venezuela","VE",11,2010
"VI","VIR","Virgin Islands, U.S.","VI",15,2001
"VI","VIR","Virgin Islands, U.S.","VI",12,2003
"VI","VIR","Virgin Islands, U.S.","VI",11,2008
"VN","VNM","Vietnam","VN",10,2002
"VN","VNM","Vietnam","VN",12,2004
"VN","VNM","Vietnam","VN",11,2005
"VN","VNM","Vietnam","VN",10,2009
"VN","VNM","Vietnam","VN",12,2011
"XC",NA,NA,NA,14,1969
"XC",NA,NA,NA,12,1981
"XC",NA,NA,NA,23,1982
"XC",NA,NA,NA,11,1983
"XC",NA,NA,NA,12,1984
"XC",NA,NA,NA,32,1985
"XC",NA,NA,NA,23,1986
"XC",NA,NA,NA,31,1988
"XC",NA,NA,NA,30,1989
"XC",NA,NA,NA,34,1990
"XC",NA,NA,NA,25,1991
"XC",NA,NA,NA,60,1992
"XE",NA,NA,NA,24,1959
"XE",NA,NA,NA,11,1960
"XE",NA,NA,NA,12,1961
"XE",NA,NA,NA,36,1965
"XE",NA,NA,NA,30,1966
"XE",NA,NA,NA,31,1967
"XE",NA,NA,NA,22,1969
"XE",NA,NA,NA,22,1970
"XE",NA,NA,NA,52,1971
"XE",NA,NA,NA,22,1972
"XE",NA,NA,NA,78,1973
"XE",NA,NA,NA,21,1974
"XE",NA,NA,NA,38,1975
"XE",NA,NA,NA,44,1976
"XE",NA,NA,NA,35,1977
"XE",NA,NA,NA,17,1978
"XE",NA,NA,NA,23,1979
"XE",NA,NA,NA,55,1980
"XE",NA,NA,NA,92,1981
"XE",NA,NA,NA,42,1982
"XE",NA,NA,NA,82,1983
"XE",NA,NA,NA,51,1984
"XE",NA,NA,NA,81,1985
"XE",NA,NA,NA,93,1986
"XE",NA,NA,NA,144,1987
"XE",NA,NA,NA,233,1988
"XE",NA,NA,NA,78,1989
"XE",NA,NA,NA,174,1990
"XE",NA,NA,NA,119,1991
"XE",NA,NA,NA,204,1992
"XE",NA,NA,NA,341,1993
"XE",NA,NA,NA,252,1994
"XE",NA,NA,NA,479,1995
"XE",NA,NA,NA,388,1996
"XE",NA,NA,NA,379,1997
"XE",NA,NA,NA,282,1998
"XE",NA,NA,NA,407,1999
"XE",NA,NA,NA,379,2000
"XE",NA,NA,NA,481,2001
"XE",NA,NA,NA,435,2002
"XE",NA,NA,NA,365,2003
"XE",NA,NA,NA,399,2004
"XE",NA,NA,NA,588,2005
"XE",NA,NA,NA,372,2006
"XE",NA,NA,NA,797,2007
"XE",NA,NA,NA,694,2008
"XE",NA,NA,NA,680,2009
"XE",NA,NA,NA,481,2010
"XE",NA,NA,NA,345,2011
"XE",NA,NA,NA,173,2012
"XE",NA,NA,NA,224,2013
"XE",NA,NA,NA,78,2014
"XE",NA,NA,NA,80,2015
"XG",NA,NA,NA,9,1979
"XG",NA,NA,NA,10,1980
"XG",NA,NA,NA,18,1981
"XG",NA,NA,NA,20,1982
"XG",NA,NA,NA,11,1984
"XG",NA,NA,NA,11,1989
"XW",NA,NA,NA,12,1962
"XW",NA,NA,NA,26,1967
"XW",NA,NA,NA,20,1970
"XW",NA,NA,NA,13,1972
"XW",NA,NA,NA,46,1974
"XW",NA,NA,NA,12,1977
"XW",NA,NA,NA,23,1978
"XW",NA,NA,NA,9,1981
"XW",NA,NA,NA,14,1982
"XW",NA,NA,NA,7,1984
"XW",NA,NA,NA,8,1985
"XW",NA,NA,NA,9,1986
"XW",NA,NA,NA,63,1988
"XW",NA,NA,NA,8,1989
"XW",NA,NA,NA,19,1990
"XW",NA,NA,NA,220,1991
"XW",NA,NA,NA,12,1992
"XW",NA,NA,NA,13,1993
"XW",NA,NA,NA,86,1994
"XW",NA,NA,NA,51,1995
"XW",NA,NA,NA,36,1996
"XW",NA,NA,NA,68,1997
"XW",NA,NA,NA,55,1998
"XW",NA,NA,NA,85,1999
"XW",NA,NA,NA,68,2000
"XW",NA,NA,NA,201,2001
"XW",NA,NA,NA,149,2002
"XW",NA,NA,NA,144,2003
"XW",NA,NA,NA,309,2004
"XW",NA,NA,NA,354,2005
"XW",NA,NA,NA,604,2006
"XW",NA,NA,NA,911,2007
"XW",NA,NA,NA,1172,2008
"XW",NA,NA,NA,1168,2009
"XW",NA,NA,NA,1397,2010
"XW",NA,NA,NA,1239,2011
"XW",NA,NA,NA,1075,2012
"XW",NA,NA,NA,501,2013
"XW",NA,NA,NA,520,2014
"XW",NA,NA,NA,414,2015
"XW",NA,NA,NA,94,2016
"YU",NA,NA,NA,2,1971
"YU",NA,NA,NA,8,1973
"YU",NA,NA,NA,8,1974
"YU",NA,NA,NA,7,1975
"YU",NA,NA,NA,8,1976
"YU",NA,NA,NA,36,1977
"YU",NA,NA,NA,38,1979
"YU",NA,NA,NA,40,1980
"YU",NA,NA,NA,41,1981
"YU",NA,NA,NA,10,1982
"YU",NA,NA,NA,29,1983
"YU",NA,NA,NA,36,1984
"YU",NA,NA,NA,46,1985
"YU",NA,NA,NA,58,1986
"YU",NA,NA,NA,38,1987
"YU",NA,NA,NA,37,1988
"YU",NA,NA,NA,25,1989
"YU",NA,NA,NA,48,1990
"YU",NA,NA,NA,23,1991
"YU",NA,NA,NA,10,1993
"YU",NA,NA,NA,12,1994
"YU",NA,NA,NA,8,1995
"YU",NA,NA,NA,15,1996
"YU",NA,NA,NA,13,1999
"YU",NA,NA,NA,18,2001
"ZA","ZMB","Zambia","ZM",19,1989
"ZA","ZMB","Zambia","ZM",10,1992
"ZA","ZMB","Zambia","ZM",12,1993
"ZA","ZMB","Zambia","ZM",11,1995
"ZA","ZMB","Zambia","ZM",29,1997
"ZA","ZMB","Zambia","ZM",6,1998
"ZA","ZMB","Zambia","ZM",13,1999
"ZA","ZMB","Zambia","ZM",11,2000
"ZA","ZMB","Zambia","ZM",18,2001
"ZA","ZMB","Zambia","ZM",23,2002
"ZA","ZMB","Zambia","ZM",41,2003
"ZA","ZMB","Zambia","ZM",38,2004
"ZA","ZMB","Zambia","ZM",6,2005
"ZA","ZMB","Zambia","ZM",41,2006
"ZA","ZMB","Zambia","ZM",36,2007
"ZA","ZMB","Zambia","ZM",54,2008
"ZA","ZMB","Zambia","ZM",26,2009
"ZA","ZMB","Zambia","ZM",13,2010
"ZA","ZMB","Zambia","ZM",16,2011
"ZA","ZMB","Zambia","ZM",12,2012
